Timestamp,Qual a sua faixa etária?,Qual a sua escolaridade?,Qual a sua profissão atual?,Quais das seguintes ferramentas/tecnologias/linguagens você usa no trabalho ou tem interesse em aprender? [Bash/Shell/Power Shell],Quais das seguintes ferramentas/tecnologias/linguagens você usa no trabalho ou tem interesse em aprender? [C/C++],Quais das seguintes ferramentas/tecnologias/linguagens você usa no trabalho ou tem interesse em aprender? [C#],Quais das seguintes ferramentas/tecnologias/linguagens você usa no trabalho ou tem interesse em aprender? [Delphi],Quais das seguintes ferramentas/tecnologias/linguagens você usa no trabalho ou tem interesse em aprender? [Go],Quais das seguintes ferramentas/tecnologias/linguagens você usa no trabalho ou tem interesse em aprender? [Java],Quais das seguintes ferramentas/tecnologias/linguagens você usa no trabalho ou tem interesse em aprender? [Javascript],Quais das seguintes ferramentas/tecnologias/linguagens você usa no trabalho ou tem interesse em aprender? [PHP],Quais das seguintes ferramentas/tecnologias/linguagens você usa no trabalho ou tem interesse em aprender? [Python],Quais das seguintes ferramentas/tecnologias/linguagens você usa no trabalho ou tem interesse em aprender? [Banco de dados relacional (SQL)],Quais das seguintes ferramentas/tecnologias/linguagens você usa no trabalho ou tem interesse em aprender? [Banco de dados não relacional (No SQL)],Quais das seguintes ferramentas/tecnologias/linguagens você usa no trabalho ou tem interesse em aprender? [Selenium],Quais das seguintes ferramentas/tecnologias/linguagens você usa no trabalho ou tem interesse em aprender? [Test Complete],Quais das seguintes ferramentas/tecnologias/linguagens você usa no trabalho ou tem interesse em aprender? [Enterprise Architect],"Quais das seguintes ferramentas/tecnologias/linguagens você usa no trabalho ou tem interesse em aprender? [Desenvolvimento Ágil (Kanban, Scrum, XP)]",Quais das seguintes ferramentas/tecnologias/linguagens você usa no trabalho ou tem interesse em aprender? [Jira],Quais das seguintes ferramentas/tecnologias/linguagens você usa no trabalho ou tem interesse em aprender? [Trello],Quais das seguintes ferramentas/tecnologias/linguagens você usa no trabalho ou tem interesse em aprender? [Git],Quais das seguintes ferramentas/tecnologias/linguagens você usa no trabalho ou tem interesse em aprender? [SVN],Quais das seguintes ferramentas/tecnologias/linguagens você usa no trabalho ou tem interesse em aprender? [ITIL],Quais das seguintes ferramentas/tecnologias/linguagens você usa no trabalho ou tem interesse em aprender? [Infraestrutura],Quais das seguintes ferramentas/tecnologias/linguagens você usa no trabalho ou tem interesse em aprender? [Redes de computadores],Existe alguma ferramenta/tecnologia/linguagem que não foi mencionada na pergunta anterior?,Em qual dia/horário você teria disponibilidade para participar dos eventos (palestras/workshops) do Hackerspace?
1/25/2019 8:29:17,26 a 35 anos,Cursando Graduação,Programador/Desenvolvedor,,,,,,Utilizo na EMPRESA,,,Tenho INTERESSE em aprender,,,,,,,,,,,,,,,Sábado de manhã (9h às 12h)
1/25/2019 8:30:25,19 a 25 anos,Cursando Graduação,Programador/Desenvolvedor,,,,Utilizo na EMPRESA,,Utilizo na EMPRESA,,Tenho INTERESSE em aprender,Tenho INTERESSE em aprender,,,,,,,,,,,,,,,Sábado de manhã (9h às 12h)
1/25/2019 9:00:08,36 a 45 anos,Pós-graduação Completa,Gerente de Projetos/Produto,,,,,,Utilizo na EMPRESA,,,,Utilizo na EMPRESA,,,,,Tenho INTERESSE em aprender,,,Tenho INTERESSE em aprender,,,,,,Sábado de manhã (9h às 12h)
1/25/2019 9:13:45,36 a 45 anos,Pós-graduação Completa,Analista de Sistemas,,,,,,,,Utilizo na EMPRESA,,,Utilizo na EMPRESA,,,Utilizo na EMPRESA,Tenho INTERESSE em aprender,,Tenho INTERESSE em aprender,Tenho INTERESSE em aprender,,,,,,"Quinta-feira à noite (19h às 22h), Sábado de manhã (9h às 12h), Palestras Online/Gravadas"
1/25/2019 9:27:34,26 a 35 anos,Pós-graduação Completa,Programador/Desenvolvedor,"Utilizo na EMPRESA, Tenho INTERESSE em aprender",,Tenho INTERESSE em aprender,,Tenho INTERESSE em aprender,,Tenho INTERESSE em aprender,,"Utilizo na EMPRESA, Tenho INTERESSE em aprender",,Tenho INTERESSE em aprender,,,,"Utilizo na EMPRESA, Tenho INTERESSE em aprender",Utilizo na EMPRESA,Utilizo na EMPRESA,"Utilizo na EMPRESA, Tenho INTERESSE em aprender",,,,,Interesse: Data science/Machine learning; TDD; Cloud; CI/CD; Data engineering; kanban,"Quinta-feira à noite (19h às 22h), Sábado de manhã (9h às 12h), Palestras Online/Gravadas"
1/27/2019 13:57:37,26 a 35 anos,Pós-graduação Completa,Programador/Desenvolvedor,"Utilizo na EMPRESA, Tenho INTERESSE em aprender",,Tenho INTERESSE em aprender,,Tenho INTERESSE em aprender,,Tenho INTERESSE em aprender,,"Utilizo na EMPRESA, Tenho INTERESSE em aprender",Tenho INTERESSE em aprender,Tenho INTERESSE em aprender,,,,"Utilizo na EMPRESA, Tenho INTERESSE em aprender",Utilizo na EMPRESA,Utilizo na EMPRESA,"Utilizo na EMPRESA, Tenho INTERESSE em aprender",,,,,Interesse: Programação distribuída; machine learning; data science,"Terça-feira à noite (19h às 22h), Quinta-feira à noite (19h às 22h), Sábado de manhã (9h às 12h), Palestras Online/Gravadas"
1/28/2019 9:28:25,26 a 35 anos,Pós-graduação Completa,Programador/Desenvolvedor,Utilizo na EMPRESA,,,,Tenho INTERESSE em aprender,,Utilizo na EMPRESA,Utilizo na EMPRESA,Tenho INTERESSE em aprender,,,,,,,,Utilizo na EMPRESA,Utilizo na EMPRESA,,,,,,"Sábado de manhã (9h às 12h), Sábado à tarde (14h às 17h)"
1/28/2019 9:28:48,19 a 25 anos,Técnico Completo,Programador/Desenvolvedor,,,Utilizo na EMPRESA,,Tenho INTERESSE em aprender,,,,,Utilizo na EMPRESA,,,,,Utilizo na EMPRESA,,,,,,,,"Empresa: Visual Studio, Android Studio, Kotlin",Sábado à tarde (14h às 17h)
1/28/2019 9:29:07,19 a 25 anos,Graduação Completa,Analista de Qualidade,,,,Utilizo na EMPRESA,,,"Utilizo na EMPRESA, Tenho INTERESSE em aprender",Utilizo na EMPRESA,Tenho INTERESSE em aprender,Utilizo na EMPRESA,Utilizo na EMPRESA,"Utilizo na EMPRESA, Tenho INTERESSE em aprender",Utilizo na EMPRESA,,"Utilizo na EMPRESA, Tenho INTERESSE em aprender","Utilizo na EMPRESA, Tenho INTERESSE em aprender",Utilizo na EMPRESA,Utilizo na EMPRESA,Utilizo na EMPRESA,,,,,"Quarta-feira à noite (19h às 22h), Quinta-feira à noite (19h às 22h), Sexta-feira à noite (19h às 22h), Sábado de manhã (9h às 12h), Sábado à tarde (14h às 17h), Palestras Online/Gravadas"
1/28/2019 9:29:32,26 a 35 anos,Pós-graduação Completa,Programador/Desenvolvedor,"Utilizo na EMPRESA, Tenho INTERESSE em aprender",,Tenho INTERESSE em aprender,,Tenho INTERESSE em aprender,,Tenho INTERESSE em aprender,,"Utilizo na EMPRESA, Tenho INTERESSE em aprender",Tenho INTERESSE em aprender,Tenho INTERESSE em aprender,,,,"Utilizo na EMPRESA, Tenho INTERESSE em aprender",Utilizo na EMPRESA,Utilizo na EMPRESA,"Utilizo na EMPRESA, Tenho INTERESSE em aprender",,,,,Empresa: CI/CD; Interesse: data science; machine learning; processamento de linguagem natural; visão computacional; programação distribuída; big data; apache kafka,"Terça-feira à noite (19h às 22h), Quinta-feira à noite (19h às 22h), Sábado de manhã (9h às 12h), Palestras Online/Gravadas"
1/28/2019 9:30:06,26 a 35 anos,Pós-graduação Completa,Segurança da Informação,Tenho INTERESSE em aprender,,Tenho INTERESSE em aprender,,,,Tenho INTERESSE em aprender,,Tenho INTERESSE em aprender,Tenho INTERESSE em aprender,,,,,,Tenho INTERESSE em aprender,,,,Tenho INTERESSE em aprender,Tenho INTERESSE em aprender,Tenho INTERESSE em aprender,,Palestras Online/Gravadas
1/28/2019 9:30:29,19 a 25 anos,Cursando Graduação,Analista de Qualidade,Utilizo na EMPRESA,Tenho INTERESSE em aprender,,,,,Tenho INTERESSE em aprender,Tenho INTERESSE em aprender,Tenho INTERESSE em aprender,,,,Utilizo na EMPRESA,,Utilizo na EMPRESA,,,Tenho INTERESSE em aprender,,Tenho INTERESSE em aprender,,Tenho INTERESSE em aprender,,"Segunda-feira à noite (19h às 22h), Terça-feira à noite (19h às 22h), Quarta-feira à noite (19h às 22h), Quinta-feira à noite (19h às 22h), Sexta-feira à noite (19h às 22h), Sábado de manhã (9h às 12h), Sábado à tarde (14h às 17h), Palestras Online/Gravadas"
1/28/2019 9:30:29,19 a 25 anos,Cursando Pós-graduação,Programador/Desenvolvedor,Utilizo na EMPRESA,,,,,Utilizo na EMPRESA,,,Tenho INTERESSE em aprender,,,,,,Utilizo na EMPRESA,,,Utilizo na EMPRESA,,,,,,Sábado de manhã (9h às 12h)
1/28/2019 9:31:20,26 a 35 anos,Cursando Pós-graduação,Analista/Técnico de Suporte,,,Tenho INTERESSE em aprender,Utilizo na EMPRESA,Tenho INTERESSE em aprender,,Utilizo na EMPRESA,Utilizo na EMPRESA,,Utilizo na EMPRESA,Utilizo na EMPRESA,,Utilizo na EMPRESA,,"Utilizo na EMPRESA, Tenho INTERESSE em aprender",,Utilizo na EMPRESA,,Utilizo na EMPRESA,"Utilizo na EMPRESA, Tenho INTERESSE em aprender",Utilizo na EMPRESA,Utilizo na EMPRESA,,"Segunda-feira à noite (19h às 22h), Terça-feira à noite (19h às 22h), Quarta-feira à noite (19h às 22h), Palestras Online/Gravadas"
1/28/2019 9:43:59,19 a 25 anos,Graduação Completa,Analista/Técnico de Suporte,Utilizo na EMPRESA,,,,,,,,Tenho INTERESSE em aprender,Utilizo na EMPRESA,,,,,,,Utilizo na EMPRESA,,,,Utilizo na EMPRESA,Utilizo na EMPRESA,,"Quinta-feira à noite (19h às 22h), Palestras Online/Gravadas"
1/28/2019 9:45:19,26 a 35 anos,Graduação Completa,Gerente de Projetos/Produto,Utilizo na EMPRESA,Tenho INTERESSE em aprender,,,Tenho INTERESSE em aprender,,"Utilizo na EMPRESA, Tenho INTERESSE em aprender","Utilizo na EMPRESA, Tenho INTERESSE em aprender",Tenho INTERESSE em aprender,Utilizo na EMPRESA,"Utilizo na EMPRESA, Tenho INTERESSE em aprender",Tenho INTERESSE em aprender,,,"Utilizo na EMPRESA, Tenho INTERESSE em aprender",,"Utilizo na EMPRESA, Tenho INTERESSE em aprender","Utilizo na EMPRESA, Tenho INTERESSE em aprender",,,,,Interesse: TDD; CI/CD; Machine Learning,"Terça-feira à noite (19h às 22h), Quarta-feira à noite (19h às 22h), Sábado à tarde (14h às 17h), Palestras Online/Gravadas"
1/28/2019 9:48:33,Até 18 anos,Técnico Completo e cursando o Superior,Programador/Desenvolvedor,"Utilizo na EMPRESA, Tenho INTERESSE em aprender","Utilizo na EMPRESA, Tenho INTERESSE em aprender",Tenho INTERESSE em aprender,,Tenho INTERESSE em aprender,,"Utilizo na EMPRESA, Tenho INTERESSE em aprender",,"Utilizo na EMPRESA, Tenho INTERESSE em aprender",,,Tenho INTERESSE em aprender,Tenho INTERESSE em aprender,Tenho INTERESSE em aprender,Utilizo na EMPRESA,,,Tenho INTERESSE em aprender,Utilizo na EMPRESA,Tenho INTERESSE em aprender,Tenho INTERESSE em aprender,"Utilizo na EMPRESA, Tenho INTERESSE em aprender",Interesse: Apache Selenium; ELK; Gestão de Projetos; Boas Práticas para Desenvolvimento; Automatização de Tarefas e Testes; Kernel; Linux; Backend e Frontend,"Sábado de manhã (9h às 12h), Sábado à tarde (14h às 17h), Palestras Online/Gravadas"
1/28/2019 9:49:07,26 a 35 anos,Graduação Completa,Programador/Desenvolvedor,,,,,,"Utilizo na EMPRESA, Tenho INTERESSE em aprender","Utilizo na EMPRESA, Tenho INTERESSE em aprender",,Tenho INTERESSE em aprender,Utilizo na EMPRESA,,"Utilizo na EMPRESA, Tenho INTERESSE em aprender",,Tenho INTERESSE em aprender,Tenho INTERESSE em aprender,,,Tenho INTERESSE em aprender,Utilizo na EMPRESA,,,,Empresa: Oracle Forms e Reports,"Sábado de manhã (9h às 12h), Palestras Online/Gravadas"
1/28/2019 9:52:08,19 a 25 anos,Cursando Graduação,Programador/Desenvolvedor,"Utilizo na EMPRESA, Tenho INTERESSE em aprender",Tenho INTERESSE em aprender,Utilizo na EMPRESA,,,Utilizo na EMPRESA,,,"Utilizo na EMPRESA, Tenho INTERESSE em aprender",Utilizo na EMPRESA,Tenho INTERESSE em aprender,Tenho INTERESSE em aprender,Tenho INTERESSE em aprender,,Utilizo na EMPRESA,Utilizo na EMPRESA,,"Utilizo na EMPRESA, Tenho INTERESSE em aprender",,,Tenho INTERESSE em aprender,,,"Segunda-feira à noite (19h às 22h), Terça-feira à noite (19h às 22h), Quarta-feira à noite (19h às 22h), Quinta-feira à noite (19h às 22h), Sexta-feira à noite (19h às 22h), Sábado de manhã (9h às 12h), Sábado à tarde (14h às 17h), Palestras Online/Gravadas"
1/28/2019 9:54:12,36 a 45 anos,Pós-graduação Completa,Gerente de Projetos/Produto,,,Utilizo na EMPRESA,,,,Utilizo na EMPRESA,,Tenho INTERESSE em aprender,Utilizo na EMPRESA,Tenho INTERESSE em aprender,Tenho INTERESSE em aprender,,,Utilizo na EMPRESA,,Utilizo na EMPRESA,Tenho INTERESSE em aprender,,,,,,"Terça-feira à noite (19h às 22h), Quarta-feira à noite (19h às 22h), Quinta-feira à noite (19h às 22h)"
1/28/2019 9:58:22,19 a 25 anos,Cursando Pós-graduação,Analista de Sistemas,Utilizo na EMPRESA,,Utilizo na EMPRESA,,,,Utilizo na EMPRESA,Utilizo na EMPRESA,Utilizo na EMPRESA,Utilizo na EMPRESA,Utilizo na EMPRESA,,,,,Tenho INTERESSE em aprender,Utilizo na EMPRESA,Tenho INTERESSE em aprender,Utilizo na EMPRESA,Utilizo na EMPRESA,,,kanban,"Segunda-feira à noite (19h às 22h), Terça-feira à noite (19h às 22h)"
1/28/2019 10:17:56,26 a 35 anos,Pós-graduação Completa,Programador/Desenvolvedor,,Tenho INTERESSE em aprender,,,,Utilizo na EMPRESA,Utilizo na EMPRESA,,Tenho INTERESSE em aprender,Tenho INTERESSE em aprender,Tenho INTERESSE em aprender,,,,Utilizo na EMPRESA,Utilizo na EMPRESA,,Utilizo na EMPRESA,,,,,,"Segunda-feira à noite (19h às 22h), Quarta-feira à noite (19h às 22h), Quinta-feira à noite (19h às 22h), Sexta-feira à noite (19h às 22h), Sábado de manhã (9h às 12h), Palestras Online/Gravadas"
1/28/2019 10:32:22,26 a 35 anos,Pós-graduação Completa,Analista de Sistemas,,Tenho INTERESSE em aprender,Utilizo na EMPRESA,Utilizo na EMPRESA,,,Tenho INTERESSE em aprender,,Tenho INTERESSE em aprender,,,,,,,,,,Utilizo na EMPRESA,,,,,"Segunda-feira à noite (19h às 22h), Terça-feira à noite (19h às 22h), Quarta-feira à noite (19h às 22h), Quinta-feira à noite (19h às 22h), Sexta-feira à noite (19h às 22h), Sábado de manhã (9h às 12h), Palestras Online/Gravadas"
1/28/2019 10:43:30,46 a 55 anos,Pós-graduação Completa,Coordenador de TI,,Tenho INTERESSE em aprender,Utilizo na EMPRESA,Tenho INTERESSE em aprender,,Utilizo na EMPRESA,Utilizo na EMPRESA,Utilizo na EMPRESA,Tenho INTERESSE em aprender,Utilizo na EMPRESA,Tenho INTERESSE em aprender,Tenho INTERESSE em aprender,Utilizo na EMPRESA,Utilizo na EMPRESA,Tenho INTERESSE em aprender,Tenho INTERESSE em aprender,Tenho INTERESSE em aprender,Tenho INTERESSE em aprender,Utilizo na EMPRESA,Tenho INTERESSE em aprender,Utilizo na EMPRESA,Utilizo na EMPRESA,Empresa: Amazon; Interesse: AWS,"Terça-feira à noite (19h às 22h), Quinta-feira à noite (19h às 22h), Sexta-feira à noite (19h às 22h), Sábado de manhã (9h às 12h), Sábado à tarde (14h às 17h), Palestras Online/Gravadas"
1/28/2019 10:53:13,26 a 35 anos,Pós-graduação Completa,Analista de Qualidade,Tenho INTERESSE em aprender,,Utilizo na EMPRESA,,Tenho INTERESSE em aprender,,Utilizo na EMPRESA,,Tenho INTERESSE em aprender,Utilizo na EMPRESA,Tenho INTERESSE em aprender,Utilizo na EMPRESA,Utilizo na EMPRESA,,Utilizo na EMPRESA,,,Utilizo na EMPRESA,,,,,"Empresa: Ruby, Testes de API, Serviços AWS, Jenkins 
Interesse: Testes automatizados de performance, carga e stress. Testes de segurança. ","Segunda-feira à noite (19h às 22h), Palestras Online/Gravadas"
1/28/2019 10:57:40,26 a 35 anos,Técnico Completo,Analista/Técnico de Suporte,,,,,,,,Tenho INTERESSE em aprender,,"Utilizo na EMPRESA, Tenho INTERESSE em aprender",,,,,,,,,,,,,,"Segunda-feira à noite (19h às 22h), Terça-feira à noite (19h às 22h), Quarta-feira à noite (19h às 22h), Sábado de manhã (9h às 12h)"
1/28/2019 10:59:04,26 a 35 anos,Graduação Completa,Programador/Desenvolvedor,,Utilizo na EMPRESA,,,Tenho INTERESSE em aprender,,,,Utilizo na EMPRESA,,,,,,,Utilizo na EMPRESA,Utilizo na EMPRESA,Utilizo na EMPRESA,,,,Utilizo na EMPRESA,,"Terça-feira à noite (19h às 22h), Quinta-feira à noite (19h às 22h), Sábado de manhã (9h às 12h)"
1/28/2019 11:06:34,19 a 25 anos,Cursando Graduação,Programador/Desenvolvedor,,Tenho INTERESSE em aprender,Tenho INTERESSE em aprender,Utilizo na EMPRESA,Tenho INTERESSE em aprender,Utilizo na EMPRESA,Utilizo na EMPRESA,,Tenho INTERESSE em aprender,Utilizo na EMPRESA,,,,,Utilizo na EMPRESA,,,Utilizo na EMPRESA,Utilizo na EMPRESA,,Utilizo na EMPRESA,Utilizo na EMPRESA,,Palestras Online/Gravadas
1/28/2019 11:07:00,26 a 35 anos,Graduação Completa,Programador/Desenvolvedor,,,,,,,Utilizo na EMPRESA,Utilizo na EMPRESA,,Utilizo na EMPRESA,,,,,,,,Tenho INTERESSE em aprender,,,,,,"Segunda-feira à noite (19h às 22h), Terça-feira à noite (19h às 22h), Quarta-feira à noite (19h às 22h), Quinta-feira à noite (19h às 22h), Sexta-feira à noite (19h às 22h)"
1/28/2019 12:14:10,26 a 35 anos,Pós-graduação Completa,Analista de Sistemas,,Utilizo na EMPRESA,,,Tenho INTERESSE em aprender,,Utilizo na EMPRESA,Utilizo na EMPRESA,Tenho INTERESSE em aprender,Utilizo na EMPRESA,Tenho INTERESSE em aprender,,,,Tenho INTERESSE em aprender,,,Utilizo na EMPRESA,Utilizo na EMPRESA,,,,,"Quinta-feira à noite (19h às 22h), Sábado de manhã (9h às 12h), Palestras Online/Gravadas"
1/28/2019 13:04:56,26 a 35 anos,Cursando Graduação,Programador/Desenvolvedor,Utilizo na EMPRESA,Tenho INTERESSE em aprender,,,Tenho INTERESSE em aprender,"Utilizo na EMPRESA, Tenho INTERESSE em aprender",Utilizo na EMPRESA,Utilizo na EMPRESA,Utilizo na EMPRESA,Utilizo na EMPRESA,Utilizo na EMPRESA,,,,,Utilizo na EMPRESA,Utilizo na EMPRESA,Utilizo na EMPRESA,,,Utilizo na EMPRESA,,,"Terça-feira à noite (19h às 22h), Quinta-feira à noite (19h às 22h), Sábado à tarde (14h às 17h), Palestras Online/Gravadas"
1/28/2019 13:10:50,19 a 25 anos,Cursando Graduação,Desempregado,,Tenho INTERESSE em aprender,Tenho INTERESSE em aprender,,,Tenho INTERESSE em aprender,,,,Tenho INTERESSE em aprender,,,,,,,,,,,Tenho INTERESSE em aprender,Tenho INTERESSE em aprender,,"Segunda-feira à noite (19h às 22h), Quarta-feira à noite (19h às 22h), Quinta-feira à noite (19h às 22h), Sábado de manhã (9h às 12h), Sábado à tarde (14h às 17h)"
1/28/2019 13:26:50,19 a 25 anos,Técnico Completo,Programador/Desenvolvedor,Utilizo na EMPRESA,,Utilizo na EMPRESA,,,,Utilizo na EMPRESA,,,Utilizo na EMPRESA,Utilizo na EMPRESA,,,,Utilizo na EMPRESA,Utilizo na EMPRESA,,Utilizo na EMPRESA,,,,,"Empresa: JetBrains Rider;SQL Server;CI/CD;.NET Core;Linux;Azure;containers;
Interesse: Bitcoin;programação distribuída;Rust;containers;segurança da informação;",Palestras Online/Gravadas
1/28/2019 13:54:31,19 a 25 anos,Cursando Graduação,Analista/Técnico de Suporte,,,Tenho INTERESSE em aprender,,Tenho INTERESSE em aprender,,,,Tenho INTERESSE em aprender,,Tenho INTERESSE em aprender,,,,,,,,,,,,Desenvolvimento Mobile,"Sábado de manhã (9h às 12h), Sábado à tarde (14h às 17h), Palestras Online/Gravadas"
1/28/2019 14:07:34,26 a 35 anos,Graduação Completa,Programador/Desenvolvedor,Utilizo na EMPRESA,,,,,Utilizo na EMPRESA,Utilizo na EMPRESA,,,Utilizo na EMPRESA,Utilizo na EMPRESA,,,,Utilizo na EMPRESA,Utilizo na EMPRESA,Utilizo na EMPRESA,Utilizo na EMPRESA,Utilizo na EMPRESA,Utilizo na EMPRESA,Utilizo na EMPRESA,,Empresa: TDD; CI/CD; AWS; Azure; Terraform; ,Sábado de manhã (9h às 12h)
1/28/2019 14:43:52,26 a 35 anos,Pós-graduação Completa,Analista de Qualidade,"Utilizo na EMPRESA, Tenho INTERESSE em aprender",,Utilizo na EMPRESA,Utilizo na EMPRESA,,,"Utilizo na EMPRESA, Tenho INTERESSE em aprender",,"Utilizo na EMPRESA, Tenho INTERESSE em aprender",Utilizo na EMPRESA,Tenho INTERESSE em aprender,"Utilizo na EMPRESA, Tenho INTERESSE em aprender","Utilizo na EMPRESA, Tenho INTERESSE em aprender",,"Utilizo na EMPRESA, Tenho INTERESSE em aprender",Tenho INTERESSE em aprender,Utilizo na EMPRESA,Utilizo na EMPRESA,,,,,,"Segunda-feira à noite (19h às 22h), Terça-feira à noite (19h às 22h), Quarta-feira à noite (19h às 22h), Quinta-feira à noite (19h às 22h), Palestras Online/Gravadas"
1/28/2019 14:47:44,26 a 35 anos,Graduação Completa,Programador/Desenvolvedor,"Utilizo na EMPRESA, Tenho INTERESSE em aprender",,"Utilizo na EMPRESA, Tenho INTERESSE em aprender",,,,"Utilizo na EMPRESA, Tenho INTERESSE em aprender",Tenho INTERESSE em aprender,"Utilizo na EMPRESA, Tenho INTERESSE em aprender","Utilizo na EMPRESA, Tenho INTERESSE em aprender",,,,,,,Utilizo na EMPRESA,Utilizo na EMPRESA,,,,,,"Quarta-feira à noite (19h às 22h), Palestras Online/Gravadas"
1/28/2019 14:52:18,36 a 45 anos,Pós-graduação Completa,Analista de Sistemas,,,,,,Utilizo na EMPRESA,Utilizo na EMPRESA,Utilizo na EMPRESA,Tenho INTERESSE em aprender,Utilizo na EMPRESA,,,,,,,,,,,,,,"Terça-feira à noite (19h às 22h), Quinta-feira à noite (19h às 22h)"
1/28/2019 14:58:54,19 a 25 anos,Graduação Completa,Analista de Qualidade,,,,"Utilizo na EMPRESA, Tenho INTERESSE em aprender",,"Utilizo na EMPRESA, Tenho INTERESSE em aprender",,,,,,,,,,,,,,,,,,"Segunda-feira à noite (19h às 22h), Terça-feira à noite (19h às 22h), Quarta-feira à noite (19h às 22h), Quinta-feira à noite (19h às 22h), Sexta-feira à noite (19h às 22h), Sábado de manhã (9h às 12h), Sábado à tarde (14h às 17h), Palestras Online/Gravadas"
1/28/2019 14:59:41,19 a 25 anos,Cursando Graduação,Programador/Desenvolvedor,,,,Utilizo na EMPRESA,,,,,Tenho INTERESSE em aprender,Utilizo na EMPRESA,Tenho INTERESSE em aprender,,,,,Utilizo na EMPRESA,,Utilizo na EMPRESA,,,,,,"Segunda-feira à noite (19h às 22h), Terça-feira à noite (19h às 22h), Quarta-feira à noite (19h às 22h), Quinta-feira à noite (19h às 22h), Sexta-feira à noite (19h às 22h)"
1/28/2019 15:00:48,26 a 35 anos,Graduação Completa,Programador/Desenvolvedor,Utilizo na EMPRESA,,,,,Utilizo na EMPRESA,Utilizo na EMPRESA,,,,,Utilizo na EMPRESA,Utilizo na EMPRESA,,Utilizo na EMPRESA,Utilizo na EMPRESA,,Utilizo na EMPRESA,Utilizo na EMPRESA,Utilizo na EMPRESA,Utilizo na EMPRESA,,,"Segunda-feira à noite (19h às 22h), Terça-feira à noite (19h às 22h), Quarta-feira à noite (19h às 22h), Quinta-feira à noite (19h às 22h), Sexta-feira à noite (19h às 22h), Sábado de manhã (9h às 12h), Sábado à tarde (14h às 17h)"
1/28/2019 15:01:52,19 a 25 anos,Cursando Graduação,Programador/Desenvolvedor,"Utilizo na EMPRESA, Tenho INTERESSE em aprender",,,,,"Utilizo na EMPRESA, Tenho INTERESSE em aprender",Tenho INTERESSE em aprender,Tenho INTERESSE em aprender,,Utilizo na EMPRESA,Tenho INTERESSE em aprender,,,,Utilizo na EMPRESA,Utilizo na EMPRESA,,Utilizo na EMPRESA,,,,,,"Sábado de manhã (9h às 12h), Sábado à tarde (14h às 17h), Palestras Online/Gravadas"
1/28/2019 15:05:26,19 a 25 anos,Cursando Graduação,Programador/Desenvolvedor,,,,,,"Utilizo na EMPRESA, Tenho INTERESSE em aprender","Utilizo na EMPRESA, Tenho INTERESSE em aprender",,,Utilizo na EMPRESA,Utilizo na EMPRESA,,,,"Utilizo na EMPRESA, Tenho INTERESSE em aprender",Utilizo na EMPRESA,Tenho INTERESSE em aprender,"Utilizo na EMPRESA, Tenho INTERESSE em aprender",,,,,,"Quarta-feira à noite (19h às 22h), Sábado de manhã (9h às 12h), Sábado à tarde (14h às 17h), Palestras Online/Gravadas"
1/28/2019 15:06:02,19 a 25 anos,Técnico Completo,Programador/Desenvolvedor,,,,,,Utilizo na EMPRESA,Utilizo na EMPRESA,,,Utilizo na EMPRESA,Utilizo na EMPRESA,,,Tenho INTERESSE em aprender,Utilizo na EMPRESA,Utilizo na EMPRESA,,Utilizo na EMPRESA,,,,,,"Sábado de manhã (9h às 12h), Sábado à tarde (14h às 17h)"
1/28/2019 15:06:22,26 a 35 anos,Cursando Graduação,Programador/Cloud/DevOps,"Utilizo na EMPRESA, Tenho INTERESSE em aprender",,,,Tenho INTERESSE em aprender,Tenho INTERESSE em aprender,,,"Utilizo na EMPRESA, Tenho INTERESSE em aprender","Utilizo na EMPRESA, Tenho INTERESSE em aprender","Utilizo na EMPRESA, Tenho INTERESSE em aprender",,,Tenho INTERESSE em aprender,Tenho INTERESSE em aprender,"Utilizo na EMPRESA, Tenho INTERESSE em aprender",,"Utilizo na EMPRESA, Tenho INTERESSE em aprender",,Tenho INTERESSE em aprender,"Utilizo na EMPRESA, Tenho INTERESSE em aprender","Utilizo na EMPRESA, Tenho INTERESSE em aprender",Empresa: Kubernetes; Cloud; AWS; Linux; Ansible; Terraform; Flask; Docker; Nginx; ,"Segunda-feira à noite (19h às 22h), Terça-feira à noite (19h às 22h), Quarta-feira à noite (19h às 22h), Quinta-feira à noite (19h às 22h), Sexta-feira à noite (19h às 22h), Sábado de manhã (9h às 12h), Sábado à tarde (14h às 17h), Palestras Online/Gravadas"
1/28/2019 15:07:42,19 a 25 anos,Graduação Completa,Programador/Desenvolvedor,,Tenho INTERESSE em aprender,Tenho INTERESSE em aprender,"Utilizo na EMPRESA, Tenho INTERESSE em aprender",,"Utilizo na EMPRESA, Tenho INTERESSE em aprender",Tenho INTERESSE em aprender,Tenho INTERESSE em aprender,Tenho INTERESSE em aprender,"Utilizo na EMPRESA, Tenho INTERESSE em aprender",Tenho INTERESSE em aprender,,Tenho INTERESSE em aprender,Tenho INTERESSE em aprender,Tenho INTERESSE em aprender,"Utilizo na EMPRESA, Tenho INTERESSE em aprender",,"Utilizo na EMPRESA, Tenho INTERESSE em aprender",,,Tenho INTERESSE em aprender,Tenho INTERESSE em aprender,,Terça-feira à noite (19h às 22h)
1/28/2019 15:10:41,26 a 35 anos,Cursando Graduação,Programador/Desenvolvedor,,Tenho INTERESSE em aprender,Tenho INTERESSE em aprender,,,"Utilizo na EMPRESA, Tenho INTERESSE em aprender",Utilizo na EMPRESA,,,"Utilizo na EMPRESA, Tenho INTERESSE em aprender",Tenho INTERESSE em aprender,,,,"Utilizo na EMPRESA, Tenho INTERESSE em aprender","Utilizo na EMPRESA, Tenho INTERESSE em aprender",,"Utilizo na EMPRESA, Tenho INTERESSE em aprender",,,Tenho INTERESSE em aprender,,"""Empresa: Typescript"" ""Interesse: Arquitetura de software""","Segunda-feira à noite (19h às 22h), Terça-feira à noite (19h às 22h), Quarta-feira à noite (19h às 22h), Quinta-feira à noite (19h às 22h), Sexta-feira à noite (19h às 22h), Sábado de manhã (9h às 12h)"
1/28/2019 15:15:13,19 a 25 anos,Graduação Completa,Programador/Desenvolvedor,Tenho INTERESSE em aprender,,,,,"Utilizo na EMPRESA, Tenho INTERESSE em aprender",Tenho INTERESSE em aprender,,,"Utilizo na EMPRESA, Tenho INTERESSE em aprender",,,,,"Utilizo na EMPRESA, Tenho INTERESSE em aprender",Utilizo na EMPRESA,,"Utilizo na EMPRESA, Tenho INTERESSE em aprender",,,,,,"Terça-feira à noite (19h às 22h), Palestras Online/Gravadas"
1/28/2019 15:16:18,19 a 25 anos,Graduação Completa,Programador/Desenvolvedor,,,,,,Utilizo na EMPRESA,Utilizo na EMPRESA,,Tenho INTERESSE em aprender,Utilizo na EMPRESA,,,,,Utilizo na EMPRESA,Utilizo na EMPRESA,,Utilizo na EMPRESA,,,,,,"Sábado de manhã (9h às 12h), Sábado à tarde (14h às 17h)"
1/28/2019 15:19:22,19 a 25 anos,Cursando Graduação,Analista de Qualidade,,,Tenho INTERESSE em aprender,,Tenho INTERESSE em aprender,Utilizo na EMPRESA,Utilizo na EMPRESA,Tenho INTERESSE em aprender,Tenho INTERESSE em aprender,Utilizo na EMPRESA,Tenho INTERESSE em aprender,Utilizo na EMPRESA,Utilizo na EMPRESA,Tenho INTERESSE em aprender,Utilizo na EMPRESA,Utilizo na EMPRESA,Utilizo na EMPRESA,Utilizo na EMPRESA,Utilizo na EMPRESA,Tenho INTERESSE em aprender,Utilizo na EMPRESA,Tenho INTERESSE em aprender,,"Sábado de manhã (9h às 12h), Sábado à tarde (14h às 17h), Palestras Online/Gravadas"
1/28/2019 15:20:41,26 a 35 anos,Pós-graduação Completa,Analista de Qualidade,,,,Utilizo na EMPRESA,,Utilizo na EMPRESA,Utilizo na EMPRESA,,,Utilizo na EMPRESA,,Utilizo na EMPRESA,,,Utilizo na EMPRESA,Utilizo na EMPRESA,Utilizo na EMPRESA,Utilizo na EMPRESA,Utilizo na EMPRESA,,,Utilizo na EMPRESA,,"Sábado de manhã (9h às 12h), Sábado à tarde (14h às 17h)"
1/28/2019 15:21:00,26 a 35 anos,Graduação Completa,Programador/Desenvolvedor,,,,,,"Utilizo na EMPRESA, Tenho INTERESSE em aprender","Utilizo na EMPRESA, Tenho INTERESSE em aprender",,Tenho INTERESSE em aprender,Utilizo na EMPRESA,,,,,"Utilizo na EMPRESA, Tenho INTERESSE em aprender","Utilizo na EMPRESA, Tenho INTERESSE em aprender",,"Utilizo na EMPRESA, Tenho INTERESSE em aprender",,,,,,"Sexta-feira à noite (19h às 22h), Sábado de manhã (9h às 12h), Sábado à tarde (14h às 17h)"
1/28/2019 15:21:15,26 a 35 anos,Cursando Graduação,Programador/Desenvolvedor,,,Utilizo na EMPRESA,,,Utilizo na EMPRESA,Utilizo na EMPRESA,,,Utilizo na EMPRESA,Tenho INTERESSE em aprender,,,Tenho INTERESSE em aprender,Tenho INTERESSE em aprender,,,Utilizo na EMPRESA,Utilizo na EMPRESA,,,,,"Quinta-feira à noite (19h às 22h), Palestras Online/Gravadas"
1/28/2019 15:22:09,26 a 35 anos,Cursando Graduação,Programador/Desenvolvedor,,,,Utilizo na EMPRESA,,Utilizo na EMPRESA,"Utilizo na EMPRESA, Tenho INTERESSE em aprender","Utilizo na EMPRESA, Tenho INTERESSE em aprender",Tenho INTERESSE em aprender,Utilizo na EMPRESA,Tenho INTERESSE em aprender,,,,,,,Utilizo na EMPRESA,,Utilizo na EMPRESA,,,,"Sábado de manhã (9h às 12h), Palestras Online/Gravadas"
1/28/2019 15:22:16,19 a 25 anos,Cursando Graduação,Programador/Desenvolvedor,Tenho INTERESSE em aprender,,Utilizo na EMPRESA,,,,,,,Utilizo na EMPRESA,Utilizo na EMPRESA,,,,Tenho INTERESSE em aprender,,,"Utilizo na EMPRESA, Tenho INTERESSE em aprender",,,Tenho INTERESSE em aprender,Tenho INTERESSE em aprender,Empresa: UiPath,"Sábado de manhã (9h às 12h), Sábado à tarde (14h às 17h), Palestras Online/Gravadas"
1/28/2019 15:23:01,26 a 35 anos,Cursando Graduação,Programador/Desenvolvedor,,,,Utilizo na EMPRESA,Tenho INTERESSE em aprender,Utilizo na EMPRESA,Tenho INTERESSE em aprender,Tenho INTERESSE em aprender,Tenho INTERESSE em aprender,Utilizo na EMPRESA,,,,,Utilizo na EMPRESA,Utilizo na EMPRESA,Utilizo na EMPRESA,"Utilizo na EMPRESA, Tenho INTERESSE em aprender",Utilizo na EMPRESA,,,,,"Terça-feira à noite (19h às 22h), Palestras Online/Gravadas"
1/28/2019 15:25:00,19 a 25 anos,Cursando Graduação,Analista/Técnico de Suporte,,Tenho INTERESSE em aprender,Tenho INTERESSE em aprender,,,Utilizo na EMPRESA,Utilizo na EMPRESA,,,Utilizo na EMPRESA,Utilizo na EMPRESA,,,,,,,Tenho INTERESSE em aprender,,Tenho INTERESSE em aprender,Utilizo na EMPRESA,Utilizo na EMPRESA,,"Segunda-feira à noite (19h às 22h), Sábado de manhã (9h às 12h), Sábado à tarde (14h às 17h), Palestras Online/Gravadas"
1/28/2019 15:26:04,19 a 25 anos,Cursando Graduação,Programador/Desenvolvedor,,,,,,Utilizo na EMPRESA,,,,Utilizo na EMPRESA,,,,,Utilizo na EMPRESA,Utilizo na EMPRESA,Utilizo na EMPRESA,Utilizo na EMPRESA,,,,,,Sexta-feira à noite (19h às 22h)
1/28/2019 15:27:26,19 a 25 anos,Cursando Graduação,Programador/Desenvolvedor,,Utilizo na EMPRESA,,,,,,,Utilizo na EMPRESA,Utilizo na EMPRESA,,,,,Tenho INTERESSE em aprender,,Tenho INTERESSE em aprender,Utilizo na EMPRESA,,,,,Interesse: gestão de projetos pessoais;,"Segunda-feira à noite (19h às 22h), Terça-feira à noite (19h às 22h), Quarta-feira à noite (19h às 22h), Quinta-feira à noite (19h às 22h), Sexta-feira à noite (19h às 22h), Sábado de manhã (9h às 12h), Sábado à tarde (14h às 17h), Palestras Online/Gravadas"
1/28/2019 15:27:47,19 a 25 anos,Cursando Graduação,Analista/Técnico de Suporte,,,,,,,Tenho INTERESSE em aprender,,Tenho INTERESSE em aprender,Utilizo na EMPRESA,,Utilizo na EMPRESA,,,,,,,,Utilizo na EMPRESA,Utilizo na EMPRESA,Utilizo na EMPRESA,,"Terça-feira à noite (19h às 22h), Quarta-feira à noite (19h às 22h), Sexta-feira à noite (19h às 22h), Sábado de manhã (9h às 12h), Sábado à tarde (14h às 17h), Palestras Online/Gravadas"
1/28/2019 15:28:52,19 a 25 anos,Cursando Graduação,Programador/Desenvolvedor,,Tenho INTERESSE em aprender,"Utilizo na EMPRESA, Tenho INTERESSE em aprender",Tenho INTERESSE em aprender,,Utilizo na EMPRESA,Tenho INTERESSE em aprender,,,Tenho INTERESSE em aprender,,,,,,,,,Tenho INTERESSE em aprender,,Tenho INTERESSE em aprender,,,"Sábado de manhã (9h às 12h), Sábado à tarde (14h às 17h), Palestras Online/Gravadas"
1/28/2019 15:29:04,19 a 25 anos,Cursando Graduação,Programador/Desenvolvedor,Utilizo na EMPRESA,,Utilizo na EMPRESA,,,,,Tenho INTERESSE em aprender,Tenho INTERESSE em aprender,Utilizo na EMPRESA,Tenho INTERESSE em aprender,Tenho INTERESSE em aprender,Tenho INTERESSE em aprender,,Utilizo na EMPRESA,,,Utilizo na EMPRESA,,,Tenho INTERESSE em aprender,Tenho INTERESSE em aprender,Empresa; testes TDD; CUCUMBER & PROTACTOR; (typescript);,"Sábado de manhã (9h às 12h), Palestras Online/Gravadas"
1/28/2019 15:33:58,19 a 25 anos,Cursando Graduação,Programador/Desenvolvedor,,,,,,,Utilizo na EMPRESA,,,Utilizo na EMPRESA,Tenho INTERESSE em aprender,,,,,,,Utilizo na EMPRESA,,,,,,Palestras Online/Gravadas
1/28/2019 15:36:27,19 a 25 anos,Cursando Graduação,Programador/Desenvolvedor,Tenho INTERESSE em aprender,Tenho INTERESSE em aprender,Tenho INTERESSE em aprender,"Utilizo na EMPRESA, Tenho INTERESSE em aprender",,Utilizo na EMPRESA,Utilizo na EMPRESA,Tenho INTERESSE em aprender,Tenho INTERESSE em aprender,Utilizo na EMPRESA,Tenho INTERESSE em aprender,,Tenho INTERESSE em aprender,,,Tenho INTERESSE em aprender,Utilizo na EMPRESA,Tenho INTERESSE em aprender,,,Tenho INTERESSE em aprender,Tenho INTERESSE em aprender,,Sábado de manhã (9h às 12h)
1/28/2019 15:39:27,19 a 25 anos,Cursando Graduação,Testador,,,,,,Tenho INTERESSE em aprender,,,,"Utilizo na EMPRESA, Tenho INTERESSE em aprender",,Tenho INTERESSE em aprender,Tenho INTERESSE em aprender,,,Utilizo na EMPRESA,,,,,,Tenho INTERESSE em aprender,,"Terça-feira à noite (19h às 22h), Palestras Online/Gravadas"
1/28/2019 15:45:41,19 a 25 anos,Cursando Graduação,Programador/Desenvolvedor,,,,,Utilizo na EMPRESA,Utilizo na EMPRESA,,,,Utilizo na EMPRESA,,,,,Utilizo na EMPRESA,,,Utilizo na EMPRESA,,,,,"Empresa: Flutter; Dart; Docker; Kubernetes;
Interesse: Machine Learning; Kotlin;","Sábado à tarde (14h às 17h), Palestras Online/Gravadas"
1/28/2019 15:49:27,19 a 25 anos,Cursando Graduação,Programador/Desenvolvedor,"Utilizo na EMPRESA, Tenho INTERESSE em aprender",Tenho INTERESSE em aprender,Tenho INTERESSE em aprender,,Tenho INTERESSE em aprender,,"Utilizo na EMPRESA, Tenho INTERESSE em aprender",,Tenho INTERESSE em aprender,"Utilizo na EMPRESA, Tenho INTERESSE em aprender",Tenho INTERESSE em aprender,,,,,,,"Utilizo na EMPRESA, Tenho INTERESSE em aprender",,,,"Utilizo na EMPRESA, Tenho INTERESSE em aprender",,"Segunda-feira à noite (19h às 22h), Terça-feira à noite (19h às 22h), Quarta-feira à noite (19h às 22h), Quinta-feira à noite (19h às 22h), Sexta-feira à noite (19h às 22h)"
1/28/2019 15:52:31,26 a 35 anos,Graduação Completa,Programador/Desenvolvedor,,,,Utilizo na EMPRESA,,Utilizo na EMPRESA,Utilizo na EMPRESA,,,Utilizo na EMPRESA,,,,,Utilizo na EMPRESA,Utilizo na EMPRESA,,Utilizo na EMPRESA,Utilizo na EMPRESA,,,,,Quinta-feira à noite (19h às 22h)
1/28/2019 15:54:03,36 a 45 anos,Cursando Graduação,Analista de Sistemas,,,,,Tenho INTERESSE em aprender,"Utilizo na EMPRESA, Tenho INTERESSE em aprender","Utilizo na EMPRESA, Tenho INTERESSE em aprender",,Tenho INTERESSE em aprender,Utilizo na EMPRESA,Tenho INTERESSE em aprender,,,,Tenho INTERESSE em aprender,Utilizo na EMPRESA,,Utilizo na EMPRESA,,Tenho INTERESSE em aprender,,,,"Segunda-feira à noite (19h às 22h), Terça-feira à noite (19h às 22h), Quarta-feira à noite (19h às 22h), Quinta-feira à noite (19h às 22h), Sexta-feira à noite (19h às 22h), Sábado de manhã (9h às 12h), Sábado à tarde (14h às 17h), Palestras Online/Gravadas"
1/28/2019 16:01:26,26 a 35 anos,Pós-graduação Completa,Analista de Sistemas,,,Tenho INTERESSE em aprender,,Tenho INTERESSE em aprender,Utilizo na EMPRESA,Utilizo na EMPRESA,,Tenho INTERESSE em aprender,Utilizo na EMPRESA,,,,,Utilizo na EMPRESA,Utilizo na EMPRESA,,Utilizo na EMPRESA,,,,,,Palestras Online/Gravadas
1/28/2019 16:01:44,26 a 35 anos,Graduação Completa,Software Engineer,Utilizo na EMPRESA,,,,Utilizo na EMPRESA,,,,Utilizo na EMPRESA,,,,,,Utilizo na EMPRESA,Utilizo na EMPRESA,Utilizo na EMPRESA,Utilizo na EMPRESA,,,Utilizo na EMPRESA,Utilizo na EMPRESA,,Palestras Online/Gravadas
1/28/2019 16:12:00,19 a 25 anos,Cursando Graduação,Programador/Desenvolvedor,,,Utilizo na EMPRESA,,,,Utilizo na EMPRESA,,,Utilizo na EMPRESA,,,,,,,,,,,,,,"Sábado de manhã (9h às 12h), Sábado à tarde (14h às 17h)"
1/28/2019 16:24:18,26 a 35 anos,Cursando Graduação,Testador,,,,,,Utilizo na EMPRESA,,,,Utilizo na EMPRESA,,Tenho INTERESSE em aprender,Tenho INTERESSE em aprender,,,Utilizo na EMPRESA,,Utilizo na EMPRESA,,,,,,Não tenho interesse
1/28/2019 16:24:56,19 a 25 anos,Graduação Completa,Programador/Desenvolvedor,Utilizo na EMPRESA,,,,Tenho INTERESSE em aprender,,Utilizo na EMPRESA,,Tenho INTERESSE em aprender,Utilizo na EMPRESA,Tenho INTERESSE em aprender,,,,,,Utilizo na EMPRESA,Utilizo na EMPRESA,,,,,Empresa: Ruby on Rails; ExtJS,Palestras Online/Gravadas
1/28/2019 16:26:30,36 a 45 anos,Cursando Graduação,Não trabalho na area,,Tenho INTERESSE em aprender,,,Tenho INTERESSE em aprender,Tenho INTERESSE em aprender,Tenho INTERESSE em aprender,,Tenho INTERESSE em aprender,Tenho INTERESSE em aprender,Tenho INTERESSE em aprender,,,,Tenho INTERESSE em aprender,,"Utilizo na EMPRESA, Tenho INTERESSE em aprender",Tenho INTERESSE em aprender,,,Tenho INTERESSE em aprender,Tenho INTERESSE em aprender,"VSCode, PostgreSQL, Criptomoeda, Maven, Spring, React","Sábado de manhã (9h às 12h), Palestras Online/Gravadas"
1/28/2019 16:49:36,26 a 35 anos,Cursando Graduação,Testador,,,,,,Tenho INTERESSE em aprender,Tenho INTERESSE em aprender,,,Tenho INTERESSE em aprender,Tenho INTERESSE em aprender,Utilizo na EMPRESA,Utilizo na EMPRESA,,Utilizo na EMPRESA,Utilizo na EMPRESA,,Utilizo na EMPRESA,,,Tenho INTERESSE em aprender,,,"Segunda-feira à noite (19h às 22h), Terça-feira à noite (19h às 22h), Quarta-feira à noite (19h às 22h), Quinta-feira à noite (19h às 22h), Sexta-feira à noite (19h às 22h)"
1/28/2019 17:10:28,19 a 25 anos,Graduação Completa,Analista de Sistemas,,,Utilizo na EMPRESA,,,,Utilizo na EMPRESA,,,Utilizo na EMPRESA,Utilizo na EMPRESA,,,,Utilizo na EMPRESA,Utilizo na EMPRESA,,Utilizo na EMPRESA,,,,,,"Segunda-feira à noite (19h às 22h), Sábado à tarde (14h às 17h), Palestras Online/Gravadas"
1/28/2019 17:43:53,26 a 35 anos,Graduação Completa,Programador/Desenvolvedor,,,,Utilizo na EMPRESA,,,Utilizo na EMPRESA,Utilizo na EMPRESA,Tenho INTERESSE em aprender,Utilizo na EMPRESA,Utilizo na EMPRESA,,,,Tenho INTERESSE em aprender,,Utilizo na EMPRESA,Utilizo na EMPRESA,Utilizo na EMPRESA,,,,,"Segunda-feira à noite (19h às 22h), Terça-feira à noite (19h às 22h), Quarta-feira à noite (19h às 22h), Quinta-feira à noite (19h às 22h), Palestras Online/Gravadas"
1/28/2019 17:44:01,19 a 25 anos,Cursando Graduação,Programador/Desenvolvedor,,,,Utilizo na EMPRESA,,,"Utilizo na EMPRESA, Tenho INTERESSE em aprender","Utilizo na EMPRESA, Tenho INTERESSE em aprender",,Utilizo na EMPRESA,,,,,,,,"Utilizo na EMPRESA, Tenho INTERESSE em aprender",Utilizo na EMPRESA,,,,,"Sábado de manhã (9h às 12h), Sábado à tarde (14h às 17h), Palestras Online/Gravadas"
1/28/2019 17:52:49,Até 18 anos,Cursando Graduação,Estudante,,,,,,Tenho INTERESSE em aprender,Utilizo na EMPRESA,Utilizo na EMPRESA,Tenho INTERESSE em aprender,Utilizo na EMPRESA,Tenho INTERESSE em aprender,,,,Tenho INTERESSE em aprender,,,Utilizo na EMPRESA,,,Tenho INTERESSE em aprender,Tenho INTERESSE em aprender,,"Sábado de manhã (9h às 12h), Sábado à tarde (14h às 17h), Palestras Online/Gravadas"
1/28/2019 17:58:22,19 a 25 anos,Cursando Graduação,Programador/Desenvolvedor,Utilizo na EMPRESA,"Utilizo na EMPRESA, Tenho INTERESSE em aprender","Utilizo na EMPRESA, Tenho INTERESSE em aprender",,,,,,,,,,Utilizo na EMPRESA,,"Utilizo na EMPRESA, Tenho INTERESSE em aprender",,,,,,,,,Quinta-feira à noite (19h às 22h)
1/28/2019 17:58:46,19 a 25 anos,Cursando Graduação,Programador/Desenvolvedor,,,Tenho INTERESSE em aprender,Utilizo na EMPRESA,,,,,,Utilizo na EMPRESA,,,Utilizo na EMPRESA,,Utilizo na EMPRESA,Tenho INTERESSE em aprender,Utilizo na EMPRESA,Tenho INTERESSE em aprender,,,,,,"Sábado de manhã (9h às 12h), Palestras Online/Gravadas"
1/28/2019 18:12:34,26 a 35 anos,Graduação Completa,Programador/Desenvolvedor,Utilizo na EMPRESA,,,,Utilizo na EMPRESA,Utilizo na EMPRESA,Utilizo na EMPRESA,,Utilizo na EMPRESA,Utilizo na EMPRESA,Utilizo na EMPRESA,Utilizo na EMPRESA,Utilizo na EMPRESA,,Utilizo na EMPRESA,,Utilizo na EMPRESA,Utilizo na EMPRESA,,,,,"Ruby, Google Cloud, Docker e Kubernetes","Terça-feira à noite (19h às 22h), Quarta-feira à noite (19h às 22h), Sexta-feira à noite (19h às 22h), Sábado de manhã (9h às 12h), Sábado à tarde (14h às 17h), Palestras Online/Gravadas"
1/28/2019 18:15:28,19 a 25 anos,Cursando Graduação,Programador/Desenvolvedor,Tenho INTERESSE em aprender,Tenho INTERESSE em aprender,,,,Utilizo na EMPRESA,Utilizo na EMPRESA,,,,,,,Utilizo na EMPRESA,,,,Utilizo na EMPRESA,,,,,,Sábado de manhã (9h às 12h)
1/28/2019 18:16:26,36 a 45 anos,Pós-graduação Completa,Analista de Sistemas,,,Utilizo na EMPRESA,,,Utilizo na EMPRESA,,,Utilizo na EMPRESA,Utilizo na EMPRESA,Tenho INTERESSE em aprender,Utilizo na EMPRESA,,,Utilizo na EMPRESA,Utilizo na EMPRESA,,Utilizo na EMPRESA,,Utilizo na EMPRESA,"Utilizo na EMPRESA, Tenho INTERESSE em aprender","Utilizo na EMPRESA, Tenho INTERESSE em aprender","AWS, Kubernetes, Docker",Palestras Online/Gravadas
1/28/2019 18:17:34,26 a 35 anos,Graduação Incompleta,Programador/Desenvolvedor,Utilizo na EMPRESA,,,,Utilizo na EMPRESA,Utilizo na EMPRESA,Utilizo na EMPRESA,,Tenho INTERESSE em aprender,,,Utilizo na EMPRESA,,,,Utilizo na EMPRESA,,Utilizo na EMPRESA,,,,,Elasticsearch,"Segunda-feira à noite (19h às 22h), Terça-feira à noite (19h às 22h), Quarta-feira à noite (19h às 22h), Quinta-feira à noite (19h às 22h), Sexta-feira à noite (19h às 22h), Sábado de manhã (9h às 12h), Sábado à tarde (14h às 17h), Palestras Online/Gravadas"
1/28/2019 18:26:18,26 a 35 anos,Cursando Graduação,Analista/Técnico de Suporte,,Tenho INTERESSE em aprender,,,,,,,,,,,,,,,,,,,,,,"Terça-feira à noite (19h às 22h), Quinta-feira à noite (19h às 22h), Sexta-feira à noite (19h às 22h), Sábado de manhã (9h às 12h), Sábado à tarde (14h às 17h), Palestras Online/Gravadas"
1/28/2019 18:27:34,19 a 25 anos,Cursando Graduação,Programador/Desenvolvedor,Utilizo na EMPRESA,,,,Tenho INTERESSE em aprender,Utilizo na EMPRESA,Utilizo na EMPRESA,,,,Utilizo na EMPRESA,,,,,,,Utilizo na EMPRESA,,,,,,"Segunda-feira à noite (19h às 22h), Terça-feira à noite (19h às 22h), Palestras Online/Gravadas"
1/28/2019 19:14:30,Até 18 anos,Cursando Graduação,Programador/Desenvolvedor,,Utilizo na EMPRESA,Utilizo na EMPRESA,,,Utilizo na EMPRESA,,Utilizo na EMPRESA,,Utilizo na EMPRESA,,,,,Utilizo na EMPRESA,Utilizo na EMPRESA,Utilizo na EMPRESA,Utilizo na EMPRESA,,,,,Empresa: Visual Studio; Xamarin; Android Studio,"Sábado de manhã (9h às 12h), Sábado à tarde (14h às 17h)"
1/28/2019 19:15:47,19 a 25 anos,Cursando Graduação,Testador,,,,Utilizo na EMPRESA,,Utilizo na EMPRESA,,,,Utilizo na EMPRESA,,Tenho INTERESSE em aprender,Tenho INTERESSE em aprender,,Tenho INTERESSE em aprender,,,,,,Tenho INTERESSE em aprender,Tenho INTERESSE em aprender,Empresa: HTML5; Testlink,"Segunda-feira à noite (19h às 22h), Sábado à tarde (14h às 17h), Palestras Online/Gravadas"
1/28/2019 20:00:24,19 a 25 anos,Cursando Graduação,Programador/Desenvolvedor,,,,Utilizo na EMPRESA,,Tenho INTERESSE em aprender,Tenho INTERESSE em aprender,Tenho INTERESSE em aprender,,Tenho INTERESSE em aprender,Tenho INTERESSE em aprender,,,,,,Utilizo na EMPRESA,Tenho INTERESSE em aprender,,,,,,"Quarta-feira à noite (19h às 22h), Palestras Online/Gravadas"
1/28/2019 20:21:49,26 a 35 anos,Cursando Graduação,Testador,Tenho INTERESSE em aprender,,,,,Tenho INTERESSE em aprender,Utilizo na EMPRESA,,Tenho INTERESSE em aprender,Utilizo na EMPRESA,,Utilizo na EMPRESA,,,Utilizo na EMPRESA,Utilizo na EMPRESA,,Utilizo na EMPRESA,,,,,,"Segunda-feira à noite (19h às 22h), Quarta-feira à noite (19h às 22h), Sábado de manhã (9h às 12h), Palestras Online/Gravadas"
1/28/2019 20:31:31,19 a 25 anos,Cursando Graduação,Programador/Desenvolvedor,Tenho INTERESSE em aprender,,Utilizo na EMPRESA,,Tenho INTERESSE em aprender,,Utilizo na EMPRESA,,,,,,,,,,,,,,,,,"Segunda-feira à noite (19h às 22h), Terça-feira à noite (19h às 22h), Quarta-feira à noite (19h às 22h), Quinta-feira à noite (19h às 22h), Sexta-feira à noite (19h às 22h), Sábado à tarde (14h às 17h), Palestras Online/Gravadas"
1/28/2019 20:37:19,26 a 35 anos,Cursando Graduação,Programador/Desenvolvedor,,,Utilizo na EMPRESA,,,Utilizo na EMPRESA,Utilizo na EMPRESA,,,,,,,,,Utilizo na EMPRESA,,Utilizo na EMPRESA,,,,,Cobol,"Segunda-feira à noite (19h às 22h), Terça-feira à noite (19h às 22h), Quarta-feira à noite (19h às 22h), Quinta-feira à noite (19h às 22h), Sábado de manhã (9h às 12h), Sábado à tarde (14h às 17h), Palestras Online/Gravadas"
1/28/2019 20:57:57,26 a 35 anos,Ensino Médio Completo,Programador/Desenvolvedor,,,,,,Utilizo na EMPRESA,Utilizo na EMPRESA,Utilizo na EMPRESA,Utilizo na EMPRESA,Utilizo na EMPRESA,Utilizo na EMPRESA,,,,Utilizo na EMPRESA,Utilizo na EMPRESA,Utilizo na EMPRESA,Utilizo na EMPRESA,,,,,,Segunda-feira à noite (19h às 22h)
1/28/2019 21:15:46,26 a 35 anos,Cursando Graduação,Programador/Desenvolvedor,Utilizo na EMPRESA,Tenho INTERESSE em aprender,Tenho INTERESSE em aprender,,Tenho INTERESSE em aprender,Utilizo na EMPRESA,Utilizo na EMPRESA,Tenho INTERESSE em aprender,Tenho INTERESSE em aprender,Utilizo na EMPRESA,Utilizo na EMPRESA,,,Tenho INTERESSE em aprender,Utilizo na EMPRESA,,Utilizo na EMPRESA,Utilizo na EMPRESA,Utilizo na EMPRESA,,,,Interesse:Machine learning; R; ,"Quarta-feira à noite (19h às 22h), Sábado de manhã (9h às 12h), Sábado à tarde (14h às 17h), Palestras Online/Gravadas"
1/28/2019 21:24:56,36 a 45 anos,Mestrado completo,Cio,Utilizo na EMPRESA,,,,,Utilizo na EMPRESA,,Utilizo na EMPRESA,,Utilizo na EMPRESA,,,,Utilizo na EMPRESA,Utilizo na EMPRESA,,,,Utilizo na EMPRESA,Utilizo na EMPRESA,Utilizo na EMPRESA,Utilizo na EMPRESA,"Empresa: gestão de projetos
Interesse: UX Based projects","Segunda-feira à noite (19h às 22h), Quarta-feira à noite (19h às 22h), Quinta-feira à noite (19h às 22h), Sexta-feira à noite (19h às 22h), Palestras Online/Gravadas"
1/28/2019 22:55:59,26 a 35 anos,Pós-graduação Completa,Programador/Desenvolvedor,,,,,Tenho INTERESSE em aprender,Utilizo na EMPRESA,Utilizo na EMPRESA,,Tenho INTERESSE em aprender,Utilizo na EMPRESA,,,,,"Utilizo na EMPRESA, Tenho INTERESSE em aprender",,Utilizo na EMPRESA,"Utilizo na EMPRESA, Tenho INTERESSE em aprender",Utilizo na EMPRESA,,,,,"Segunda-feira à noite (19h às 22h), Terça-feira à noite (19h às 22h), Quarta-feira à noite (19h às 22h), Quinta-feira à noite (19h às 22h), Sexta-feira à noite (19h às 22h)"
1/28/2019 23:14:16,19 a 25 anos,Ensino Médio Completo,Programador/Desenvolvedor,,,Tenho INTERESSE em aprender,,,"Utilizo na EMPRESA, Tenho INTERESSE em aprender","Utilizo na EMPRESA, Tenho INTERESSE em aprender","Utilizo na EMPRESA, Tenho INTERESSE em aprender",,"Utilizo na EMPRESA, Tenho INTERESSE em aprender","Utilizo na EMPRESA, Tenho INTERESSE em aprender",,,,,,,,,,,,xcode,"Sábado à tarde (14h às 17h), Palestras Online/Gravadas"
1/28/2019 23:24:05,19 a 25 anos,Cursando Graduação,Analista/Técnico de Suporte,Tenho INTERESSE em aprender,Tenho INTERESSE em aprender,Tenho INTERESSE em aprender,Tenho INTERESSE em aprender,Tenho INTERESSE em aprender,Tenho INTERESSE em aprender,Tenho INTERESSE em aprender,Tenho INTERESSE em aprender,Tenho INTERESSE em aprender,Utilizo na EMPRESA,,Tenho INTERESSE em aprender,Tenho INTERESSE em aprender,Tenho INTERESSE em aprender,Tenho INTERESSE em aprender,Tenho INTERESSE em aprender,Tenho INTERESSE em aprender,Tenho INTERESSE em aprender,Tenho INTERESSE em aprender,Tenho INTERESSE em aprender,Utilizo na EMPRESA,Utilizo na EMPRESA,,"Sábado de manhã (9h às 12h), Sábado à tarde (14h às 17h), Palestras Online/Gravadas"
1/29/2019 0:56:04,19 a 25 anos,Cursando Graduação,Analista/Técnico de Suporte,,,Utilizo na EMPRESA,,,Utilizo na EMPRESA,Utilizo na EMPRESA,,Utilizo na EMPRESA,Utilizo na EMPRESA,Utilizo na EMPRESA,,,,,,,Utilizo na EMPRESA,,Utilizo na EMPRESA,,,,"Terça-feira à noite (19h às 22h), Quarta-feira à noite (19h às 22h), Palestras Online/Gravadas"
1/29/2019 1:02:13,26 a 35 anos,Pós-graduação Completa,Analista/Técnico de Suporte,,,,,,,Utilizo na EMPRESA,Utilizo na EMPRESA,,Utilizo na EMPRESA,,,,,,,,Tenho INTERESSE em aprender,Utilizo na EMPRESA,Utilizo na EMPRESA,Utilizo na EMPRESA,,,"Sábado à tarde (14h às 17h), Palestras Online/Gravadas"
1/29/2019 1:47:39,19 a 25 anos,Cursando Graduação,Analista/Técnico de Suporte,Tenho INTERESSE em aprender,,,,,Tenho INTERESSE em aprender,Tenho INTERESSE em aprender,,Tenho INTERESSE em aprender,"Utilizo na EMPRESA, Tenho INTERESSE em aprender",,,,,Utilizo na EMPRESA,,Utilizo na EMPRESA,,,,,,,Não tenho interesse
1/29/2019 6:47:39,19 a 25 anos,Cursando Graduação,Programador/Desenvolvedor,,,,,Tenho INTERESSE em aprender,"Utilizo na EMPRESA, Tenho INTERESSE em aprender",,,Tenho INTERESSE em aprender,Utilizo na EMPRESA,,,,,Utilizo na EMPRESA,Utilizo na EMPRESA,,Utilizo na EMPRESA,,,,,,Segunda-feira à noite (19h às 22h)
1/29/2019 7:10:12,26 a 35 anos,Pós-graduação Completa,Analista de Sistemas,,,,,,,Utilizo na EMPRESA,Utilizo na EMPRESA,,Utilizo na EMPRESA,Utilizo na EMPRESA,,,Utilizo na EMPRESA,"Utilizo na EMPRESA, Tenho INTERESSE em aprender",,Utilizo na EMPRESA,Utilizo na EMPRESA,Utilizo na EMPRESA,,,,Empresa: Programação Funcional; Interesse: GraphQL; Haskell;,"Quarta-feira à noite (19h às 22h), Quinta-feira à noite (19h às 22h), Palestras Online/Gravadas"
1/29/2019 7:49:20,19 a 25 anos,Graduação Completa,Programador/Desenvolvedor,,,Tenho INTERESSE em aprender,Utilizo na EMPRESA,Tenho INTERESSE em aprender,Utilizo na EMPRESA,Tenho INTERESSE em aprender,Tenho INTERESSE em aprender,Tenho INTERESSE em aprender,Utilizo na EMPRESA,Tenho INTERESSE em aprender,,,,Utilizo na EMPRESA,Utilizo na EMPRESA,Utilizo na EMPRESA,Utilizo na EMPRESA,Utilizo na EMPRESA,,Utilizo na EMPRESA,Utilizo na EMPRESA,"Kotlin, interesse em aprender mais sobre","Terça-feira à noite (19h às 22h), Quinta-feira à noite (19h às 22h), Sábado à tarde (14h às 17h), Palestras Online/Gravadas"
1/29/2019 8:00:45,26 a 35 anos,Cursando Graduação,Programador/Desenvolvedor,"Utilizo na EMPRESA, Tenho INTERESSE em aprender",,,,,Utilizo na EMPRESA,Utilizo na EMPRESA,,Tenho INTERESSE em aprender,Utilizo na EMPRESA,Tenho INTERESSE em aprender,,,,Utilizo na EMPRESA,Utilizo na EMPRESA,,Utilizo na EMPRESA,Utilizo na EMPRESA,,Tenho INTERESSE em aprender,Tenho INTERESSE em aprender,Angular,"Quarta-feira à noite (19h às 22h), Sexta-feira à noite (19h às 22h), Sábado de manhã (9h às 12h)"
1/29/2019 8:31:24,26 a 35 anos,Graduação Completa,Analista de Qualidade,Utilizo na EMPRESA,,,,,,Utilizo na EMPRESA,,,Utilizo na EMPRESA,,Utilizo na EMPRESA,,,Utilizo na EMPRESA,Utilizo na EMPRESA,,Utilizo na EMPRESA,,,Utilizo na EMPRESA,Utilizo na EMPRESA,,"Terça-feira à noite (19h às 22h), Quinta-feira à noite (19h às 22h), Palestras Online/Gravadas"
1/29/2019 8:42:54,26 a 35 anos,Graduação Completa,Programador/Desenvolvedor,,,Utilizo na EMPRESA,,Tenho INTERESSE em aprender,,Utilizo na EMPRESA,,Utilizo na EMPRESA,Utilizo na EMPRESA,Tenho INTERESSE em aprender,Utilizo na EMPRESA,,,Utilizo na EMPRESA,,Utilizo na EMPRESA,Utilizo na EMPRESA,,,,,,"Segunda-feira à noite (19h às 22h), Terça-feira à noite (19h às 22h), Quarta-feira à noite (19h às 22h), Quinta-feira à noite (19h às 22h), Sexta-feira à noite (19h às 22h), Sábado de manhã (9h às 12h), Sábado à tarde (14h às 17h), Palestras Online/Gravadas"
1/29/2019 8:50:20,26 a 35 anos,Graduação Completa,Programador/Desenvolvedor,,,,,,Tenho INTERESSE em aprender,Tenho INTERESSE em aprender,,,,,,,,,,Utilizo na EMPRESA,,,,,,"Ezok: Watson; FileMaker; Unity. Interesse: Desenvolvimento Mobile; Swift, Python",Palestras Online/Gravadas
1/29/2019 8:59:35,26 a 35 anos,Cursando Graduação,Analista/Técnico de Suporte,,,Tenho INTERESSE em aprender,,,Tenho INTERESSE em aprender,Tenho INTERESSE em aprender,Tenho INTERESSE em aprender,Tenho INTERESSE em aprender,,Tenho INTERESSE em aprender,,,,,,,Tenho INTERESSE em aprender,,,,,,"Sábado de manhã (9h às 12h), Sábado à tarde (14h às 17h), Palestras Online/Gravadas"
1/29/2019 9:26:07,19 a 25 anos,Graduação Completa,Programador/Desenvolvedor,,,,Utilizo na EMPRESA,,,"Utilizo na EMPRESA, Tenho INTERESSE em aprender",Utilizo na EMPRESA,,Utilizo na EMPRESA,Tenho INTERESSE em aprender,Tenho INTERESSE em aprender,,,,,Utilizo na EMPRESA,"Utilizo na EMPRESA, Tenho INTERESSE em aprender",,,,,"Node.js npm, PWA, ","Terça-feira à noite (19h às 22h), Quarta-feira à noite (19h às 22h), Quinta-feira à noite (19h às 22h)"
1/29/2019 9:29:40,19 a 25 anos,Ensino Médio Completo,Programador/Desenvolvedor,,Utilizo na EMPRESA,,,Tenho INTERESSE em aprender,,Utilizo na EMPRESA,,Utilizo na EMPRESA,,Tenho INTERESSE em aprender,,,,,,,,Utilizo na EMPRESA,,,,"Empresa: .
Interesse: programação distribuída; inteligência artificial
","Segunda-feira à noite (19h às 22h), Terça-feira à noite (19h às 22h), Quarta-feira à noite (19h às 22h), Quinta-feira à noite (19h às 22h), Sexta-feira à noite (19h às 22h), Sábado de manhã (9h às 12h), Sábado à tarde (14h às 17h), Palestras Online/Gravadas"
1/29/2019 9:30:10,26 a 35 anos,Pós-graduação Completa,Coordenador de Desenvolvimento,Utilizo na EMPRESA,,,,Tenho INTERESSE em aprender,Utilizo na EMPRESA,Utilizo na EMPRESA,,Utilizo na EMPRESA,Utilizo na EMPRESA,Utilizo na EMPRESA,,,,,Utilizo na EMPRESA,,Utilizo na EMPRESA,,,,,,"Terça-feira à noite (19h às 22h), Palestras Online/Gravadas"
1/29/2019 10:39:40,19 a 25 anos,Cursando Graduação,Programador/Desenvolvedor,"Utilizo na EMPRESA, Tenho INTERESSE em aprender",,,,,"Utilizo na EMPRESA, Tenho INTERESSE em aprender","Utilizo na EMPRESA, Tenho INTERESSE em aprender",,"Utilizo na EMPRESA, Tenho INTERESSE em aprender","Utilizo na EMPRESA, Tenho INTERESSE em aprender","Utilizo na EMPRESA, Tenho INTERESSE em aprender",,,,"Utilizo na EMPRESA, Tenho INTERESSE em aprender",,,"Utilizo na EMPRESA, Tenho INTERESSE em aprender",,,,,,Palestras Online/Gravadas
1/29/2019 10:42:06,26 a 35 anos,Graduação Completa,Analista de Sistemas,"Utilizo na EMPRESA, Tenho INTERESSE em aprender",,"Utilizo na EMPRESA, Tenho INTERESSE em aprender","Utilizo na EMPRESA, Tenho INTERESSE em aprender",,"Utilizo na EMPRESA, Tenho INTERESSE em aprender",,,,"Utilizo na EMPRESA, Tenho INTERESSE em aprender",,,,,"Utilizo na EMPRESA, Tenho INTERESSE em aprender","Utilizo na EMPRESA, Tenho INTERESSE em aprender",,,,"Utilizo na EMPRESA, Tenho INTERESSE em aprender","Utilizo na EMPRESA, Tenho INTERESSE em aprender","Utilizo na EMPRESA, Tenho INTERESSE em aprender",,Quarta-feira à noite (19h às 22h)
1/29/2019 10:49:56,26 a 35 anos,Cursando Pós-graduação,Programador/Desenvolvedor,,,,,,Utilizo na EMPRESA,Utilizo na EMPRESA,,Tenho INTERESSE em aprender,Utilizo na EMPRESA,Tenho INTERESSE em aprender,,,,Utilizo na EMPRESA,Utilizo na EMPRESA,,Utilizo na EMPRESA,,,,,,Terça-feira à noite (19h às 22h)
1/29/2019 11:01:01,26 a 35 anos,Graduação Completa,Analista de Qualidade,,,,,Tenho INTERESSE em aprender,Tenho INTERESSE em aprender,Utilizo na EMPRESA,,,Utilizo na EMPRESA,,Utilizo na EMPRESA,,,Utilizo na EMPRESA,Utilizo na EMPRESA,Utilizo na EMPRESA,Utilizo na EMPRESA,,,,,TypeScript,"Segunda-feira à noite (19h às 22h), Terça-feira à noite (19h às 22h), Quarta-feira à noite (19h às 22h), Quinta-feira à noite (19h às 22h), Sexta-feira à noite (19h às 22h), Sábado de manhã (9h às 12h)"
1/29/2019 11:18:19,26 a 35 anos,Graduação Completa,Pesquisador,Utilizo na EMPRESA,Utilizo na EMPRESA,,,Utilizo na EMPRESA,Utilizo na EMPRESA,Utilizo na EMPRESA,,Utilizo na EMPRESA,Utilizo na EMPRESA,Utilizo na EMPRESA,,,,,,,Utilizo na EMPRESA,,,Utilizo na EMPRESA,Utilizo na EMPRESA,"Empresa: AWS Lambda; Elastic Search; Lua; Linux; Garbage Collectors; Block Chain; Chat Bots; IOT; Arduino; Raspberry Pi; Processamento de Linguagem Natural; Rasa NPL; Impressoras 3D; Impressão 3D
","Segunda-feira à noite (19h às 22h), Quarta-feira à noite (19h às 22h), Sexta-feira à noite (19h às 22h), Sábado à tarde (14h às 17h), Palestras Online/Gravadas"
1/29/2019 11:24:52,26 a 35 anos,Ensino Médio Completo,Programador/Desenvolvedor,Tenho INTERESSE em aprender,Tenho INTERESSE em aprender,,,Tenho INTERESSE em aprender,,"Utilizo na EMPRESA, Tenho INTERESSE em aprender",Utilizo na EMPRESA,Tenho INTERESSE em aprender,Utilizo na EMPRESA,Tenho INTERESSE em aprender,Tenho INTERESSE em aprender,Tenho INTERESSE em aprender,,"Utilizo na EMPRESA, Tenho INTERESSE em aprender",Utilizo na EMPRESA,,Utilizo na EMPRESA,,,Tenho INTERESSE em aprender,Tenho INTERESSE em aprender,,"Sábado de manhã (9h às 12h), Sábado à tarde (14h às 17h), Palestras Online/Gravadas"
1/29/2019 15:57:30,36 a 45 anos,Pós-graduação Completa,Arquiteto,Utilizo na EMPRESA,Utilizo na EMPRESA,Utilizo na EMPRESA,Utilizo na EMPRESA,Utilizo na EMPRESA,Utilizo na EMPRESA,Utilizo na EMPRESA,Utilizo na EMPRESA,Utilizo na EMPRESA,Utilizo na EMPRESA,Utilizo na EMPRESA,Utilizo na EMPRESA,Utilizo na EMPRESA,Utilizo na EMPRESA,Utilizo na EMPRESA,Utilizo na EMPRESA,Utilizo na EMPRESA,Utilizo na EMPRESA,Utilizo na EMPRESA,Utilizo na EMPRESA,Utilizo na EMPRESA,Utilizo na EMPRESA,...,Palestras Online/Gravadas
1/29/2019 17:17:56,19 a 25 anos,Cursando Graduação,UX Designer,,,,,,,Utilizo na EMPRESA,,,,,,,,Utilizo na EMPRESA,Utilizo na EMPRESA,Utilizo na EMPRESA,Utilizo na EMPRESA,,,,,,Sábado de manhã (9h às 12h)
1/29/2019 22:48:00,19 a 25 anos,Cursando Graduação,Analista/Técnico de Suporte,,,,,,,,,Tenho INTERESSE em aprender,Utilizo na EMPRESA,Tenho INTERESSE em aprender,,,,,,,,,,,,,Palestras Online/Gravadas
1/30/2019 16:16:27,19 a 25 anos,Cursando Graduação,Programador/Desenvolvedor,,,Utilizo na EMPRESA,,Tenho INTERESSE em aprender,Utilizo na EMPRESA,Utilizo na EMPRESA,,,Utilizo na EMPRESA,,,Tenho INTERESSE em aprender,,"Utilizo na EMPRESA, Tenho INTERESSE em aprender",Utilizo na EMPRESA,Utilizo na EMPRESA,Utilizo na EMPRESA,Utilizo na EMPRESA,,,,Interesse: ETL,"Sábado de manhã (9h às 12h), Sábado à tarde (14h às 17h), Palestras Online/Gravadas"
1/31/2019 8:16:33,19 a 25 anos,Cursando Graduação,Analista/Técnico de Suporte,,,Tenho INTERESSE em aprender,,,,Tenho INTERESSE em aprender,,,"Utilizo na EMPRESA, Tenho INTERESSE em aprender",,,,,,,,,,,Utilizo na EMPRESA,Tenho INTERESSE em aprender,,"Sexta-feira à noite (19h às 22h), Sábado à tarde (14h às 17h)"
1/31/2019 11:39:40,19 a 25 anos,Cursando Graduação,Analista de Sistemas,,Tenho INTERESSE em aprender,Tenho INTERESSE em aprender,Utilizo na EMPRESA,Tenho INTERESSE em aprender,Tenho INTERESSE em aprender,,Utilizo na EMPRESA,,Utilizo na EMPRESA,,,,,Tenho INTERESSE em aprender,,,Utilizo na EMPRESA,,,,,,"Sábado de manhã (9h às 12h), Palestras Online/Gravadas"
1/31/2019 15:02:05,36 a 45 anos,Ensino Médio Completo,Desempregado,,,,,,,,,Utilizo na EMPRESA,,,,,,,,,,,,,,,Palestras Online/Gravadas
1/31/2019 17:07:36,26 a 35 anos,Graduação Completa,Programador/Desenvolvedor,"Utilizo na EMPRESA, Tenho INTERESSE em aprender",,,,,"Utilizo na EMPRESA, Tenho INTERESSE em aprender","Utilizo na EMPRESA, Tenho INTERESSE em aprender",,,,,,Tenho INTERESSE em aprender,,,,,"Utilizo na EMPRESA, Tenho INTERESSE em aprender",,,,,,Sábado de manhã (9h às 12h)
1/31/2019 18:58:23,19 a 25 anos,Cursando Graduação,Programador/Desenvolvedor,,Utilizo na EMPRESA,,,,,,,Tenho INTERESSE em aprender,,Tenho INTERESSE em aprender,,Utilizo na EMPRESA,,,,,,,,,,,"Sábado de manhã (9h às 12h), Sábado à tarde (14h às 17h), Palestras Online/Gravadas"
2/1/2019 12:30:30,19 a 25 anos,Graduação Completa,Arquiteto de software,"Utilizo na EMPRESA, Tenho INTERESSE em aprender",,,,,Utilizo na EMPRESA,Utilizo na EMPRESA,,"Utilizo na EMPRESA, Tenho INTERESSE em aprender",Utilizo na EMPRESA,"Utilizo na EMPRESA, Tenho INTERESSE em aprender",,,,Utilizo na EMPRESA,Utilizo na EMPRESA,,Utilizo na EMPRESA,,,,,,"Terça-feira à noite (19h às 22h), Quinta-feira à noite (19h às 22h), Sábado de manhã (9h às 12h), Palestras Online/Gravadas"
2/1/2019 13:15:03,26 a 35 anos,Cursando Graduação,Analista de Qualidade,,,Utilizo na EMPRESA,,,,,,,Tenho INTERESSE em aprender,Tenho INTERESSE em aprender,Tenho INTERESSE em aprender,Tenho INTERESSE em aprender,"Utilizo na EMPRESA, Tenho INTERESSE em aprender","Utilizo na EMPRESA, Tenho INTERESSE em aprender",Utilizo na EMPRESA,Utilizo na EMPRESA,,,,,,,"Terça-feira à noite (19h às 22h), Sábado de manhã (9h às 12h), Sábado à tarde (14h às 17h)"
2/1/2019 13:36:23,19 a 25 anos,Cursando Graduação,Analista/Técnico de Suporte,,Tenho INTERESSE em aprender,Tenho INTERESSE em aprender,,,Tenho INTERESSE em aprender,Tenho INTERESSE em aprender,Tenho INTERESSE em aprender,,Utilizo na EMPRESA,,,,,,Utilizo na EMPRESA,Utilizo na EMPRESA,,,,Tenho INTERESSE em aprender,Tenho INTERESSE em aprender,,Palestras Online/Gravadas
2/1/2019 14:59:06,36 a 45 anos,Cursando Graduação,Programador/Desenvolvedor,Utilizo na EMPRESA,,Utilizo na EMPRESA,,,Utilizo na EMPRESA,Utilizo na EMPRESA,Utilizo na EMPRESA,Utilizo na EMPRESA,Utilizo na EMPRESA,,,,,Tenho INTERESSE em aprender,,,Utilizo na EMPRESA,,,,Utilizo na EMPRESA,,"Quarta-feira à noite (19h às 22h), Quinta-feira à noite (19h às 22h), Palestras Online/Gravadas"
2/3/2019 10:28:47,26 a 35 anos,Cursando Graduação,Programador/Desenvolvedor,Utilizo na EMPRESA,,,,,Utilizo na EMPRESA,,,Tenho INTERESSE em aprender,Utilizo na EMPRESA,Tenho INTERESSE em aprender,,,,Utilizo na EMPRESA,Utilizo na EMPRESA,Tenho INTERESSE em aprender,Utilizo na EMPRESA,,,,,"""Empresa: RabbitMQ; GitLab;"" ""Interesse: Arquitetura Orientada a Eventos; Big Data;""","Segunda-feira à noite (19h às 22h), Quinta-feira à noite (19h às 22h), Sexta-feira à noite (19h às 22h)"
2/4/2019 8:06:04,19 a 25 anos,Cursando Graduação,Programador/Desenvolvedor,Tenho INTERESSE em aprender,,,Utilizo na EMPRESA,,"Utilizo na EMPRESA, Tenho INTERESSE em aprender","Utilizo na EMPRESA, Tenho INTERESSE em aprender",,Tenho INTERESSE em aprender,"Utilizo na EMPRESA, Tenho INTERESSE em aprender",Tenho INTERESSE em aprender,,,,"Utilizo na EMPRESA, Tenho INTERESSE em aprender",Tenho INTERESSE em aprender,Tenho INTERESSE em aprender,"Utilizo na EMPRESA, Tenho INTERESSE em aprender","Utilizo na EMPRESA, Tenho INTERESSE em aprender",,,,,"Sábado de manhã (9h às 12h), Sábado à tarde (14h às 17h)"
2/4/2019 9:48:19,19 a 25 anos,Cursando Graduação,Analista/Técnico de Suporte,,,,,,,,,,"Utilizo na EMPRESA, Tenho INTERESSE em aprender",,,,,,,Utilizo na EMPRESA,,,,Tenho INTERESSE em aprender,"Utilizo na EMPRESA, Tenho INTERESSE em aprender",,"Quinta-feira à noite (19h às 22h), Sábado de manhã (9h às 12h), Sábado à tarde (14h às 17h), Palestras Online/Gravadas"
2/12/2019 16:09:27,Até 18 anos,Ensino Médio Completo,Auxiliar financeiro,,Tenho INTERESSE em aprender,Tenho INTERESSE em aprender,Tenho INTERESSE em aprender,,Tenho INTERESSE em aprender,Tenho INTERESSE em aprender,,Tenho INTERESSE em aprender,,,,,,,,,,,,Tenho INTERESSE em aprender,Tenho INTERESSE em aprender,,"Segunda-feira à noite (19h às 22h), Terça-feira à noite (19h às 22h), Quarta-feira à noite (19h às 22h), Quinta-feira à noite (19h às 22h), Sexta-feira à noite (19h às 22h), Sábado de manhã (9h às 12h), Sábado à tarde (14h às 17h)"
2/15/2019 8:26:57,19 a 25 anos,Graduação Completa,Programador/Desenvolvedor,Utilizo na EMPRESA,Utilizo na EMPRESA,,Utilizo na EMPRESA,,Utilizo na EMPRESA,Utilizo na EMPRESA,,,Utilizo na EMPRESA,,,,,Utilizo na EMPRESA,Utilizo na EMPRESA,,Utilizo na EMPRESA,,,,,,"Terça-feira à noite (19h às 22h), Quinta-feira à noite (19h às 22h), Palestras Online/Gravadas"
2/15/2019 8:29:12,46 a 55 anos,Cursando Graduação,Analista de Qualidade,,,,,,,,,,,,Utilizo na EMPRESA,Utilizo na EMPRESA,,,,Utilizo na EMPRESA,,,,,,"Empresa: Testlink
Empresa: Mantis
Empresa: Microsoft Test Manager",Palestras Online/Gravadas
2/15/2019 8:32:17,26 a 35 anos,Graduação Completa,Arquiteto de soluções,,,Utilizo na EMPRESA,,,Utilizo na EMPRESA,Utilizo na EMPRESA,,,Utilizo na EMPRESA,Utilizo na EMPRESA,Tenho INTERESSE em aprender,,,,,Utilizo na EMPRESA,Utilizo na EMPRESA,,Tenho INTERESSE em aprender,Tenho INTERESSE em aprender,,,"Segunda-feira à noite (19h às 22h), Sábado de manhã (9h às 12h)"
2/15/2019 8:34:14,19 a 25 anos,Cursando Graduação,Programador/Desenvolvedor,"Utilizo na EMPRESA, Tenho INTERESSE em aprender",,,,,"Utilizo na EMPRESA, Tenho INTERESSE em aprender","Utilizo na EMPRESA, Tenho INTERESSE em aprender",,Tenho INTERESSE em aprender,"Utilizo na EMPRESA, Tenho INTERESSE em aprender",Tenho INTERESSE em aprender,,,,"Utilizo na EMPRESA, Tenho INTERESSE em aprender",Utilizo na EMPRESA,Tenho INTERESSE em aprender,"Utilizo na EMPRESA, Tenho INTERESSE em aprender",,,,"Utilizo na EMPRESA, Tenho INTERESSE em aprender","react
","Sábado à tarde (14h às 17h), Palestras Online/Gravadas"
2/15/2019 8:38:57,19 a 25 anos,Cursando Graduação,Programador/Desenvolvedor,,,,,Tenho INTERESSE em aprender,Utilizo na EMPRESA,Tenho INTERESSE em aprender,,,Utilizo na EMPRESA,,,,,Utilizo na EMPRESA,Utilizo na EMPRESA,,Utilizo na EMPRESA,,,,,,"Sábado de manhã (9h às 12h), Sábado à tarde (14h às 17h), Palestras Online/Gravadas"
2/15/2019 8:39:38,26 a 35 anos,Pós-graduação Completa,Arquiteto de software,,Tenho INTERESSE em aprender,Tenho INTERESSE em aprender,,Tenho INTERESSE em aprender,Utilizo na EMPRESA,Utilizo na EMPRESA,,Tenho INTERESSE em aprender,Utilizo na EMPRESA,Utilizo na EMPRESA,,,,Utilizo na EMPRESA,,Utilizo na EMPRESA,Utilizo na EMPRESA,,,,,AWS;Spark;R;DevOps,"Sábado de manhã (9h às 12h), Palestras Online/Gravadas"
2/15/2019 8:39:47,26 a 35 anos,Pós-graduação Completa,Programador/Desenvolvedor,,,,,,Utilizo na EMPRESA,"Utilizo na EMPRESA, Tenho INTERESSE em aprender",,,,"Utilizo na EMPRESA, Tenho INTERESSE em aprender",,,,,Utilizo na EMPRESA,,Utilizo na EMPRESA,,,Utilizo na EMPRESA,,,"Segunda-feira à noite (19h às 22h), Quarta-feira à noite (19h às 22h)"
2/15/2019 8:43:06,26 a 35 anos,Pós-graduação Completa,Analista de Sistemas,,,,Utilizo na EMPRESA,,Utilizo na EMPRESA,Tenho INTERESSE em aprender,,Tenho INTERESSE em aprender,Utilizo na EMPRESA,Tenho INTERESSE em aprender,,,,Utilizo na EMPRESA,Utilizo na EMPRESA,,Utilizo na EMPRESA,,,,,"Interesse: Linguagens de frontend, Angular e React.","Segunda-feira à noite (19h às 22h), Terça-feira à noite (19h às 22h), Quarta-feira à noite (19h às 22h), Quinta-feira à noite (19h às 22h), Sexta-feira à noite (19h às 22h)"
2/15/2019 8:48:49,36 a 45 anos,Pós-graduação Completa,Analista de Sistemas,,,,,Tenho INTERESSE em aprender,Utilizo na EMPRESA,,,Tenho INTERESSE em aprender,Utilizo na EMPRESA,,,,,Utilizo na EMPRESA,Utilizo na EMPRESA,,Utilizo na EMPRESA,,,,,"Interesse: Kotlin; linux
",Palestras Online/Gravadas
2/15/2019 8:50:56,26 a 35 anos,Ensino Médio Completo,Analista de Qualidade,,,,,,Utilizo na EMPRESA,,Utilizo na EMPRESA,,Utilizo na EMPRESA,,,,,,,,,,,,,,"Segunda-feira à noite (19h às 22h), Terça-feira à noite (19h às 22h), Quarta-feira à noite (19h às 22h)"
2/15/2019 8:56:29,19 a 25 anos,Cursando Graduação,Programador/Desenvolvedor,Utilizo na EMPRESA,Tenho INTERESSE em aprender,Utilizo na EMPRESA,,,Utilizo na EMPRESA,Utilizo na EMPRESA,Utilizo na EMPRESA,Tenho INTERESSE em aprender,Utilizo na EMPRESA,,,,Tenho INTERESSE em aprender,Utilizo na EMPRESA,Utilizo na EMPRESA,,Utilizo na EMPRESA,,,,,Interesse: NodeJS; spark;,"Sábado de manhã (9h às 12h), Sábado à tarde (14h às 17h), Palestras Online/Gravadas"
2/15/2019 9:08:02,19 a 25 anos,Graduação Completa,Programador/Desenvolvedor,,,,,,Utilizo na EMPRESA,Utilizo na EMPRESA,,,,,,,,Utilizo na EMPRESA,Utilizo na EMPRESA,Utilizo na EMPRESA,Utilizo na EMPRESA,,,,,,"Terça-feira à noite (19h às 22h), Quinta-feira à noite (19h às 22h), Palestras Online/Gravadas"
2/15/2019 9:15:49,26 a 35 anos,Pós-graduação Completa,Arquiteto de Software,Utilizo na EMPRESA,,,Utilizo na EMPRESA,Tenho INTERESSE em aprender,Utilizo na EMPRESA,Tenho INTERESSE em aprender,,,Utilizo na EMPRESA,Tenho INTERESSE em aprender,,,,,Utilizo na EMPRESA,Utilizo na EMPRESA,Utilizo na EMPRESA,Utilizo na EMPRESA,,,,,Quarta-feira à noite (19h às 22h)
2/15/2019 9:17:41,26 a 35 anos,Graduação Completa,Analista de DevOps,Utilizo na EMPRESA,,Utilizo na EMPRESA,,,Utilizo na EMPRESA,Utilizo na EMPRESA,,Utilizo na EMPRESA,Utilizo na EMPRESA,Utilizo na EMPRESA,,,,Utilizo na EMPRESA,Utilizo na EMPRESA,,Utilizo na EMPRESA,,,Utilizo na EMPRESA,Utilizo na EMPRESA,Empresa: Cloud AWS; CI/CD;,"Terça-feira à noite (19h às 22h), Quarta-feira à noite (19h às 22h), Quinta-feira à noite (19h às 22h), Palestras Online/Gravadas"
2/15/2019 9:19:33,26 a 35 anos,Pós-graduação Completa,Programador/Desenvolvedor,"Utilizo na EMPRESA, Tenho INTERESSE em aprender",,,,Tenho INTERESSE em aprender,"Utilizo na EMPRESA, Tenho INTERESSE em aprender","Utilizo na EMPRESA, Tenho INTERESSE em aprender",,Tenho INTERESSE em aprender,"Utilizo na EMPRESA, Tenho INTERESSE em aprender",,,,,Utilizo na EMPRESA,Utilizo na EMPRESA,,"Utilizo na EMPRESA, Tenho INTERESSE em aprender",,,,"Utilizo na EMPRESA, Tenho INTERESSE em aprender",,"Segunda-feira à noite (19h às 22h), Quarta-feira à noite (19h às 22h), Quinta-feira à noite (19h às 22h), Sábado à tarde (14h às 17h)"
2/15/2019 9:19:55,26 a 35 anos,Ensino Médio Completo,Programador/Desenvolvedor,Utilizo na EMPRESA,,Tenho INTERESSE em aprender,,,,Utilizo na EMPRESA,Utilizo na EMPRESA,,Utilizo na EMPRESA,Utilizo na EMPRESA,,,Tenho INTERESSE em aprender,Utilizo na EMPRESA,,Tenho INTERESSE em aprender,Utilizo na EMPRESA,,Tenho INTERESSE em aprender,,,,"Sábado de manhã (9h às 12h), Sábado à tarde (14h às 17h), Palestras Online/Gravadas"
2/15/2019 9:22:31,26 a 35 anos,Graduação Completa,Analista de Sistemas,"Utilizo na EMPRESA, Tenho INTERESSE em aprender",,,,Tenho INTERESSE em aprender,,,,Tenho INTERESSE em aprender,,,,,,Utilizo na EMPRESA,Utilizo na EMPRESA,Tenho INTERESSE em aprender,Utilizo na EMPRESA,,,Utilizo na EMPRESA,Utilizo na EMPRESA,Interesse: Docker e Kubernetes,"Sexta-feira à noite (19h às 22h), Sábado de manhã (9h às 12h), Sábado à tarde (14h às 17h), Palestras Online/Gravadas"
2/15/2019 9:33:52,36 a 45 anos,Cursando Graduação,Analista de Data Center,,Tenho INTERESSE em aprender,Tenho INTERESSE em aprender,,,Tenho INTERESSE em aprender,,,Tenho INTERESSE em aprender,Tenho INTERESSE em aprender,,Tenho INTERESSE em aprender,,,,,,Tenho INTERESSE em aprender,,,,Utilizo na EMPRESA,,Sábado de manhã (9h às 12h)
2/15/2019 9:42:01,26 a 35 anos,Graduação Completa,Programador/Desenvolvedor,,Tenho INTERESSE em aprender,,,,Utilizo na EMPRESA,Utilizo na EMPRESA,Tenho INTERESSE em aprender,Tenho INTERESSE em aprender,Utilizo na EMPRESA,,,,,,Utilizo na EMPRESA,,Utilizo na EMPRESA,,,,,,"Sábado de manhã (9h às 12h), Sábado à tarde (14h às 17h)"
2/15/2019 9:42:29,19 a 25 anos,Cursando Graduação,Analista de Sistemas,,Utilizo na EMPRESA,Utilizo na EMPRESA,Utilizo na EMPRESA,,,Utilizo na EMPRESA,Utilizo na EMPRESA,,Utilizo na EMPRESA,Tenho INTERESSE em aprender,,,,,,Utilizo na EMPRESA,,,,,,,"Sábado de manhã (9h às 12h), Sábado à tarde (14h às 17h), Palestras Online/Gravadas"
2/15/2019 9:49:54,26 a 35 anos,Cursando Pós-graduação,Analista de Sistemas,,,,Utilizo na EMPRESA,,Utilizo na EMPRESA,Utilizo na EMPRESA,,Tenho INTERESSE em aprender,Utilizo na EMPRESA,Tenho INTERESSE em aprender,,,Tenho INTERESSE em aprender,Utilizo na EMPRESA,Utilizo na EMPRESA,,Utilizo na EMPRESA,,,,,,"Terça-feira à noite (19h às 22h), Quinta-feira à noite (19h às 22h)"
2/15/2019 9:54:51,26 a 35 anos,Pós-graduação Completa,Programador/Desenvolvedor,,,,,,Utilizo na EMPRESA,Utilizo na EMPRESA,,Utilizo na EMPRESA,Utilizo na EMPRESA,Tenho INTERESSE em aprender,,,,Utilizo na EMPRESA,Utilizo na EMPRESA,,Utilizo na EMPRESA,,,,,,"Terça-feira à noite (19h às 22h), Quinta-feira à noite (19h às 22h), Palestras Online/Gravadas"
2/15/2019 9:56:16,19 a 25 anos,Cursando Graduação,Programador/Desenvolvedor,Utilizo na EMPRESA,,,,,Utilizo na EMPRESA,Utilizo na EMPRESA,,Utilizo na EMPRESA,Utilizo na EMPRESA,Tenho INTERESSE em aprender,Tenho INTERESSE em aprender,Tenho INTERESSE em aprender,,Utilizo na EMPRESA,Tenho INTERESSE em aprender,,Utilizo na EMPRESA,,,,,,"Sábado de manhã (9h às 12h), Sábado à tarde (14h às 17h), Palestras Online/Gravadas"
2/15/2019 10:08:24,26 a 35 anos,Graduação Completa,Analista de Sistemas,Tenho INTERESSE em aprender,Tenho INTERESSE em aprender,Tenho INTERESSE em aprender,,Utilizo na EMPRESA,Utilizo na EMPRESA,Utilizo na EMPRESA,Tenho INTERESSE em aprender,Tenho INTERESSE em aprender,Utilizo na EMPRESA,Utilizo na EMPRESA,Tenho INTERESSE em aprender,Tenho INTERESSE em aprender,Utilizo na EMPRESA,Utilizo na EMPRESA,Utilizo na EMPRESA,Utilizo na EMPRESA,Utilizo na EMPRESA,Utilizo na EMPRESA,,Tenho INTERESSE em aprender,Tenho INTERESSE em aprender,Elixir;AWS;Micro Serviçois;Bitcoin;DevOps Basic;TDD; Elastic Search;BI; Kanban,"Sábado de manhã (9h às 12h), Sábado à tarde (14h às 17h), Palestras Online/Gravadas"
2/15/2019 10:09:34,19 a 25 anos,Cursando Graduação,Programador/Desenvolvedor,,,,,,Utilizo na EMPRESA,"Utilizo na EMPRESA, Tenho INTERESSE em aprender",,Tenho INTERESSE em aprender,,Utilizo na EMPRESA,,,,"Utilizo na EMPRESA, Tenho INTERESSE em aprender",Utilizo na EMPRESA,,Utilizo na EMPRESA,,,,,"""Empresa: Vue; MongoDB; Azure"" ""Interesse: React; AWS""","Quinta-feira à noite (19h às 22h), Sábado à tarde (14h às 17h)"
2/15/2019 10:12:55,26 a 35 anos,Cursando Graduação,Programador/Desenvolvedor,Utilizo na EMPRESA,,,,Utilizo na EMPRESA,Utilizo na EMPRESA,Utilizo na EMPRESA,Utilizo na EMPRESA,Utilizo na EMPRESA,,Utilizo na EMPRESA,Utilizo na EMPRESA,,,,,,Utilizo na EMPRESA,Utilizo na EMPRESA,,Utilizo na EMPRESA,,Devops,"Segunda-feira à noite (19h às 22h), Terça-feira à noite (19h às 22h), Quarta-feira à noite (19h às 22h), Quinta-feira à noite (19h às 22h), Sexta-feira à noite (19h às 22h), Sábado de manhã (9h às 12h)"
2/15/2019 10:15:33,19 a 25 anos,Cursando Graduação,Estagiário / Testes,Tenho INTERESSE em aprender,,,,Tenho INTERESSE em aprender,,,,Utilizo na EMPRESA,,Tenho INTERESSE em aprender,,,,,,,,Utilizo na EMPRESA,,Tenho INTERESSE em aprender,Tenho INTERESSE em aprender,,"Quarta-feira à noite (19h às 22h), Sexta-feira à noite (19h às 22h), Sábado de manhã (9h às 12h), Sábado à tarde (14h às 17h)"
2/15/2019 10:22:52,26 a 35 anos,Pós-graduação Completa,Programador/Desenvolvedor,,,,,,Utilizo na EMPRESA,Utilizo na EMPRESA,,,,,Tenho INTERESSE em aprender,Tenho INTERESSE em aprender,,Utilizo na EMPRESA,Utilizo na EMPRESA,,Utilizo na EMPRESA,,,Tenho INTERESSE em aprender,Tenho INTERESSE em aprender,,"Segunda-feira à noite (19h às 22h), Terça-feira à noite (19h às 22h), Quinta-feira à noite (19h às 22h), Palestras Online/Gravadas"
2/15/2019 10:56:17,26 a 35 anos,Graduação Completa,Analista de Sistemas,,,Tenho INTERESSE em aprender,,Tenho INTERESSE em aprender,Utilizo na EMPRESA,Utilizo na EMPRESA,,Tenho INTERESSE em aprender,Utilizo na EMPRESA,Tenho INTERESSE em aprender,Tenho INTERESSE em aprender,,,Utilizo na EMPRESA,Utilizo na EMPRESA,Utilizo na EMPRESA,Utilizo na EMPRESA,,,,,,"Segunda-feira à noite (19h às 22h), Terça-feira à noite (19h às 22h), Quarta-feira à noite (19h às 22h), Palestras Online/Gravadas"
2/15/2019 10:56:22,19 a 25 anos,Cursando Graduação,Analista/Técnico de Suporte,,,,,,Tenho INTERESSE em aprender,Tenho INTERESSE em aprender,,,Utilizo na EMPRESA,,,,,,Utilizo na EMPRESA,,,,,,,,"Sábado de manhã (9h às 12h), Sábado à tarde (14h às 17h), Palestras Online/Gravadas"
2/15/2019 11:00:14,26 a 35 anos,Pós-graduação Completa,Testador,,,,,,"Utilizo na EMPRESA, Tenho INTERESSE em aprender",,,,Utilizo na EMPRESA,,Utilizo na EMPRESA,,,,Utilizo na EMPRESA,Utilizo na EMPRESA,Utilizo na EMPRESA,,,Utilizo na EMPRESA,Utilizo na EMPRESA,,"Sábado de manhã (9h às 12h), Sábado à tarde (14h às 17h), Palestras Online/Gravadas"
2/15/2019 11:05:46,26 a 35 anos,Pós-graduação Completa,Programador/Desenvolvedor,,,,,Tenho INTERESSE em aprender,Utilizo na EMPRESA,Utilizo na EMPRESA,,Tenho INTERESSE em aprender,,Tenho INTERESSE em aprender,,,,,,,,,,,,,Quinta-feira à noite (19h às 22h)
2/15/2019 11:05:48,26 a 35 anos,Pós-graduação Completa,Programador/Desenvolvedor,Tenho INTERESSE em aprender,,,,Tenho INTERESSE em aprender,Utilizo na EMPRESA,Utilizo na EMPRESA,,,Utilizo na EMPRESA,Tenho INTERESSE em aprender,,,,Utilizo na EMPRESA,Utilizo na EMPRESA,Utilizo na EMPRESA,Utilizo na EMPRESA,,,Utilizo na EMPRESA,Utilizo na EMPRESA,"Kotlin, IDES como WebStorm, VS Code, IntellJ e afins","Terça-feira à noite (19h às 22h), Palestras Online/Gravadas"
2/15/2019 11:23:26,19 a 25 anos,Graduação Completa,Programador/Desenvolvedor,,Tenho INTERESSE em aprender,Tenho INTERESSE em aprender,,,Utilizo na EMPRESA,Utilizo na EMPRESA,,,,,,Tenho INTERESSE em aprender,,Utilizo na EMPRESA,Utilizo na EMPRESA,,Utilizo na EMPRESA,,,,,,"Segunda-feira à noite (19h às 22h), Terça-feira à noite (19h às 22h), Quarta-feira à noite (19h às 22h), Quinta-feira à noite (19h às 22h)"
2/15/2019 12:15:36,26 a 35 anos,Pós-graduação Completa,Programador/Desenvolvedor,,,,Utilizo na EMPRESA,Tenho INTERESSE em aprender,Utilizo na EMPRESA,Utilizo na EMPRESA,,Tenho INTERESSE em aprender,Utilizo na EMPRESA,Tenho INTERESSE em aprender,,,,Utilizo na EMPRESA,Utilizo na EMPRESA,,Utilizo na EMPRESA,,,,,Rust,"Sábado de manhã (9h às 12h), Sábado à tarde (14h às 17h)"
2/15/2019 13:13:04,19 a 25 anos,Cursando Graduação,Analista/Técnico de Suporte,"Utilizo na EMPRESA, Tenho INTERESSE em aprender",,,,,,,,,,,,,,,,,,,,Utilizo na EMPRESA,Tenho INTERESSE em aprender,,Sábado à tarde (14h às 17h)
2/15/2019 14:32:48,26 a 35 anos,Pós-graduação Completa,Programador/Desenvolvedor,Utilizo na EMPRESA,,Utilizo na EMPRESA,,,Utilizo na EMPRESA,Utilizo na EMPRESA,Utilizo na EMPRESA,,Utilizo na EMPRESA,,,,,Utilizo na EMPRESA,Utilizo na EMPRESA,,Utilizo na EMPRESA,,,,,,Não tenho interesse
2/15/2019 15:29:49,26 a 35 anos,Técnico Completo,estagiario ,,,,,,Utilizo na EMPRESA,Utilizo na EMPRESA,,Tenho INTERESSE em aprender,Utilizo na EMPRESA,Utilizo na EMPRESA,Utilizo na EMPRESA,,,,Utilizo na EMPRESA,,Utilizo na EMPRESA,,,,,,Palestras Online/Gravadas
2/16/2019 14:27:23,26 a 35 anos,Ensino Médio Completo,Desempregado,Tenho INTERESSE em aprender,,Tenho INTERESSE em aprender,,,,Tenho INTERESSE em aprender,,Tenho INTERESSE em aprender,Tenho INTERESSE em aprender,,,Tenho INTERESSE em aprender,,,,,Tenho INTERESSE em aprender,,,,,,"Sexta-feira à noite (19h às 22h), Palestras Online/Gravadas"
2/18/2019 8:47:06,19 a 25 anos,Pós-graduação Completa,Analista de Sistemas,"Utilizo na EMPRESA, Tenho INTERESSE em aprender",,,,Tenho INTERESSE em aprender,"Utilizo na EMPRESA, Tenho INTERESSE em aprender","Utilizo na EMPRESA, Tenho INTERESSE em aprender",,"Utilizo na EMPRESA, Tenho INTERESSE em aprender",Utilizo na EMPRESA,Tenho INTERESSE em aprender,,,,,"Utilizo na EMPRESA, Tenho INTERESSE em aprender","Utilizo na EMPRESA, Tenho INTERESSE em aprender","Utilizo na EMPRESA, Tenho INTERESSE em aprender",,,,,AWS,"Segunda-feira à noite (19h às 22h), Terça-feira à noite (19h às 22h), Quarta-feira à noite (19h às 22h), Quinta-feira à noite (19h às 22h), Palestras Online/Gravadas"